"s__Candidatus_Nitrosoarchaeum_limnia",24.0,14
"s__Antarctic_bacterium_G024",78.0,16
"s__Parcubacteria_group_bacterium_GW2011_GWA2_42_14",11.0,8
"s__bacterium_ASP37",148.0,16
"s__bacterium_BYJ5-1",6.0,5
"s__bacterium_C4(2009)",6.0,6
"s__bacterium_CYCU-0217",35.0,16
"s__bacterium_CYCU-0259",7.0,7
"s__bacterium_Ellin6519",115.0,15
"s__bacterium_Ellin6528",92.0,15
"s__bacterium_Ellin6547",50.0,12
"s__bacterium_Ellin7505",55.0,12
"s__bacterium_Ellin7544",33.0,15
"s__bacterium_LWQ8",18.0,8
"s__bacterium_N11_011-8",8.0,6
"s__bacterium_QTYC46b",9.0,8
"s__bacterium_RS30A",158.0,14
"s__bacterium_TSA331-4",14.0,10
"s__bacterium_WWH38",12.0,11
"s__bacterium_endosymbiont_of_Onthophagus_Taurus",187.0,16
"s__bacterium_enrichment_culture_clone_B126(2011)",18.0,14
"s__bacterium_enrichment_culture_clone_D8",106.0,16
"s__bacterium_enrichment_culture_clone_PKWE55-10",11.0,9
"s__bacterium_enrichment_culture_clone_SBIa17",159.0,16
"s__bacterium_enrichment_culture_clone_auto123_4W",72.0,14
"s__bacterium_enrichment_culture_clone_auto142_4W",37.0,11
"s__bacterium_enrichment_culture_clone_auto173_4W",172.0,16
"s__bacterium_enrichment_culture_clone_auto195_4W",113.0,16
"s__bacterium_enrichment_culture_clone_auto79_4W",208.0,13
"s__bacterium_enrichment_culture_clone_auto83_4W",11.0,9
"s__bacterium_enrichment_culture_clone_heteroA15_4W",51.0,16
"s__endosymbiont_of_Nilaparvata_lugens",77.0,14
"s__iron-reducing_bacterium_enrichment_culture_clone_FEA_2_G5",23.0,16
"s__iron-reducing_bacterium_enrichment_culture_clone_FeC_1_D3",41.0,16
"s__iron-reducing_bacterium_enrichment_culture_clone_FeC_2_G7",24.0,16
"s__iron-reducing_bacterium_enrichment_culture_clone_HN105",6.0,5
"s__soil_bacterium_WF55",92.0,16
"s__Acidobacteria_bacterium_CU2",9.0,9
"s__Acidobacteria_bacterium_Ellin7246",25.0,13
"s__Acidobacteria_bacterium_IGE-015",119.0,16
"s__Acidobacteriaceae_bacterium_KBS89",14.0,9
"s__Acidobacteriaceae_bacterium_SK-11",15.0,9
"s__Acidobacteriaceae_bacterium_URHE0068",12.0,10
"s__Acidicapsa_sp._CE1",5.0,5
"s__Acidobacterium_sp._WY65",7.0,7
"s__Acidobacterium_sp._pan6",10.0,9
"s__Bryocella_elongata",10.0,8
"s__Edaphobacter_sp._IMSNU_JC2954",37.0,16
"s__Granulicella_aggregans",18.0,11
"s__Granulicella_arctica",6.0,5
"s__Granulicella_cerasi",105.0,16
"s__Granulicella_mallensis",87.0,16
"s__Granulicella_paludicola",56.0,16
"s__Granulicella_sp._J3R",26.0,16
"s__Granulicella_tundricola",47.0,14
"s__Aridibacter_famidurans",6.0,6
"s__Aridibacter_kavangonensis",13.0,12
"s__Blastocatella_fastidiosa",471.0,16
"s__Stenotrophobacter_terrae",8.0,8
"s__Bryobacter_aggregatus",91.0,16
"s__actinobacterium_01QJ5",31.0,16
"s__actinobacterium_YIM_75000",13.0,13
"s__actinobacterium_YJF1-30",69.0,16
"s__bacterium_Ellin6090",17.0,16
"s__Acidothermus_cellulolyticus",16.0,13
"s__Actinomyces_turicensis",5.0,5
"s__Bifidobacterium_longum",11.0,5
"s__Lawsonella_clevelandensis",10.0,9
"s__Corynebacterium_glyciniphilum",5.0,5
"s__Corynebacterium_sp._HL99",5.0,5
"s__Mycobacterium_JC2972",10.0,9
"s__Mycobacterium_arabiense",10.0,7
"s__Mycobacterium_kyorinense",5.0,5
"s__Mycobacterium_sp._DCY47",35.0,16
"s__Mycobacterium_sp._UNC280MFTsu5.1",8.0,8
"s__Mycobacterium_tuberculosis",155.0,16
"s__Mycobacterium_vaccae",5.0,5
"s__Nocardia_concava",10.0,9
"s__Rhodococcus_indicum",6.0,6
"s__Rhodococcus_sp._PIC-C4",16.0,9
"s__Kineosporia_succinea",34.0,16
"s__Micrococcineae_bacterium_C5-1",6.0,5
"s__actinobacterium_MWH-Ta3",5.0,5
"s__Clavibacter_michiganensis",134.0,16
"s__Leifsonia_sp._D24",46.0,16
"s__Leucobacter_sp._P147607UB05",5.0,5
"s__Microbacterium_oxydans",5.0,5
"s__Plantibacter_sp._S51",6.0,6
"s__Pseudoclavibacter_soli",5.0,5
"s__Yonghaparkia_sp._J54CQ1",5.0,5
"s__Micrococcaceae_bacterium_C1-50",12.0,10
"s__Allocatelliglobosispora_scoriae",29.0,16
"s__Micromonospora_sp._FXJ7.198",56.0,16
"s__Nakamurella_endophytica",16.0,11
"s__Flindersiella_endophytica",8.0,8
"s__Marmoricola_sp._URHA0025",5.0,5
"s__Nocardioides_daedukensis",5.0,5
"s__Nocardioides_halotolerans",26.0,14
"s__Nocardioides_iriomotensis",11.0,8
"s__Nocardioides_sp._02SU6",46.0,16
"s__Actinomycetospora_sp._WMMB_263",16.0,13
"s__Amycolatopsis_benzoatilytica",11.0,11
"s__Pseudonocardia_sp._FXJ1.482",20.0,16
"s__Streptoalloteichus_tenebrarius",5.0,5
"s__Microbispora_amethystogenes",60.0,16
"s__Thermomonosporaceae_bacterium_YE4-D4-16-CH2",23.0,10
"s__Actinocorallia_longicatena",15.0,13
"s__Rubrobacteridae_bacterium_Gsoil_1167",240.0,16
"s__bacterium_Ellin5025",32.0,16
"s__Patulibacter_minatonensis",27.0,16
"s__Solirubrobacter_taibaiensis",16.0,13
"s__Armatimonas_rosea",139.0,16
"s__Fimbriimonas_ginsengisoli",14.0,11
"s__Bacteroidetes_bacterium_CHC2",22.0,16
"s__Bacteroidetes_bacterium_GS",99.0,16
"s__Bacteroidetes_bacterium_MWH-CFBk5",5.0,5
"s__Bacteroidetes_bacterium_OLB11",18.0,13
"s__Bacteroidetes_bacterium_OLB12",13.0,13
"s__Bacteroidetes_bacterium_RD4.3",32.0,13
"s__Bacteroidetes_bacterium_UKL13-3",197.0,16
"s__Bacteroidetes_bacterium_oral_taxon_F44",26.0,8
"s__CFB_group_bacterium_A1002",5.0,5
"s__Tuber_borchii_symbiont_b-17BO",18.0,13
"s__Tangfeifania_diversioriginum",5.0,5
"s__Chitinophagaceae_bacterium_4GSH07",21.0,16
"s__Chitinophaga_sp._C11B9",9.0,9
"s__Chitinophaga_sp._WW1(2011)",17.0,12
"s__Dinghuibacter_silviterrae",220.0,14
"s__Ferruginibacter_lapsinanis",108.0,16
"s__Filimonas_endophytica",68.0,16
"s__Filimonas_lacunae",149.0,16
"s__Filimonas_sp._BG6",80.0,16
"s__Flavihumibacter_sp._MC113",22.0,11
"s__Flavisolibacter_sp._6_4",20.0,14
"s__Flavitalea_gansuensis",15.0,9
"s__Flavitalea_populi",5.0,5
"s__Flavitalea_sp._AQ6-291",20.0,14
"s__Parafilimonas_terrae",80.0,16
"s__Sediminibacterium_sp._HSD04",7.0,5
"s__Taibaiella_koreensis",42.0,16
"s__Terrimonas_aquatica",20.0,12
"s__Terrimonas_ferruginea",10.0,10
"s__Terrimonas_lutea",87.0,16
"s__Terrimonas_sp._CR94",18.0,16
"s__Terrimonas_sp._JJ008",117.0,16
"s__Haliscomenobacter_hydrossis",81.0,16
"s__Cytophagaceae_bacterium_JGI_0001001-B3",886.0,16
"s__Cytophaga_aurantiaca",294.0,16
"s__Cytophaga_hutchinsonii",35.0,16
"s__Cytophaga_sp._JSC-P2-223-10",9.0,8
"s__Cytophaga_sp._L-43-1-N",6.0,6
"s__Cytophaga_sp._SA1",14.0,12
"s__Dyadobacter_alkalitolerans",9.0,9
"s__Dyadobacter_hamtensis",15.0,13
"s__Flexibacter_sp._KN8",7.0,7
"s__Larkinella_bovis",34.0,16
"s__Microscilla_sp._Nano_1",5.0,5
"s__Ohtaekwangia_koreensis",21.0,16
"s__Spirosoma_sp._NBRC_101364",12.0,7
"s__Hymenobacter_flocculans",15.0,8
"s__Hymenobacter_sp._9PNM-21",7.0,7
"s__Hymenobacter_sp._MIC2056",18.0,10
"s__Fluviicola_taffensis",34.0,13
"s__Candidatus_Hemobacterium_ranarum",5.0,5
"s__Capnocytophaga_sp._canine_oral_taxon_339",6.0,5
"s__Chryseobacterium_bovis",5.0,5
"s__Chryseobacterium_hominis",8.0,7
"s__Chryseobacterium_sp._142E",9.0,5
"s__Chryseobacterium_sp._Leaf180",5.0,5
"s__Chryseobacterium_sp._Leaf404",5.0,5
"s__Chryseobacterium_sp._TA_JX",17.0,12
"s__Empedobacter_falsenii",11.0,9
"s__Flavobacterium_aciduliphilum",7.0,7
"s__Flavobacterium_akiainvivens",34.0,16
"s__Flavobacterium_arsenatis",14.0,9
"s__Flavobacterium_caeni",185.0,16
"s__Flavobacterium_ceti",11.0,5
"s__Flavobacterium_chungbukense",7.0,5
"s__Flavobacterium_cucumis",5.0,5
"s__Flavobacterium_cutihirudinis",5.0,5
"s__Flavobacterium_dankookense",9.0,9
"s__Flavobacterium_faecale",6.0,5
"s__Flavobacterium_flevense",7.0,6
"s__Flavobacterium_johnsoniae",15.0,12
"s__Flavobacterium_nitrogenifigens",5.0,5
"s__Flavobacterium_psychrophilum",41.0,16
"s__Flavobacterium_rivuli",102.0,16
"s__Flavobacterium_sp._9_10",167.0,16
"s__Flavobacterium_sp._ABG",6.0,5
"s__Flavobacterium_sp._AC17",5.0,5
"s__Flavobacterium_sp._B202",17.0,8
"s__Flavobacterium_sp._B2_1",35.0,16
"s__Flavobacterium_sp._B9ZZ",356.0,16
"s__Flavobacterium_sp._BF.107",76.0,16
"s__Flavobacterium_sp._C1206",19.0,12
"s__Flavobacterium_sp._CC-YMW-3",16.0,11
"s__Flavobacterium_sp._CMJ1-4",5.0,5
"s__Flavobacterium_sp._CeRB005",8.0,8
"s__Flavobacterium_sp._HMD1046",5.0,5
"s__Flavobacterium_sp._I-111-19",32.0,10
"s__Flavobacterium_sp._JM-222",5.0,5
"s__Flavobacterium_sp._KJ005",69.0,16
"s__Flavobacterium_sp._KLK-K2",12.0,7
"s__Flavobacterium_sp._KTce-4",57.0,13
"s__Flavobacterium_sp._RPD018",121.0,16
"s__Flavobacterium_sp._S4",63.0,16
"s__Flavobacterium_sp._SYP-B556",26.0,12
"s__Flavobacterium_sp._T91F.09.P.CCF.OH.H.Kidney.D",6.0,5
"s__Flavobacterium_sp._THWCSN34",10.0,9
"s__Flavobacterium_sp._WB3.4-82",9.0,9
"s__Flavobacterium_sp._bB43(2011)",72.0,16
"s__Flavobacterium_sp._enrichment_culture",26.0,9
"s__Flavobacterium_succinicans",12.0,9
"s__Flavobacterium_suncheonense",5.0,5
"s__Sphingobacteriaceae_bacterium_enrichment_culture_clone_hao06",52.0,16
"s__Sphingobacteriaceae_bacterium_kmd_028",18.0,11
"s__Mucilaginibacter_angelicae",8.0,7
"s__Mucilaginibacter_daejeonensis",362.0,16
"s__Mucilaginibacter_gracilis",23.0,14
"s__Mucilaginibacter_myungsuensis",6.0,5
"s__Mucilaginibacter_pineti",57.0,5
"s__Mucilaginibacter_pocheonensis",6.0,5
"s__Mucilaginibacter_polytrichastri",18.0,16
"s__Mucilaginibacter_roseus",21.0,12
"s__Mucilaginibacter_sp._Aws5",5.0,5
"s__Mucilaginibacter_sp._HME6827",37.0,16
"s__Mucilaginibacter_sp._HME7565",9.0,9
"s__Mucilaginibacter_sp._HME9299",155.0,16
"s__Mucilaginibacter_sp._HME9300",37.0,14
"s__Mucilaginibacter_sp._JSC-R3-521-13",89.0,16
"s__Mucilaginibacter_sp._KJ029",5.0,5
"s__Mucilaginibacter_sp._PBI_162",10.0,9
"s__Mucilaginibacter_sp._S20-104",23.0,16
"s__Mucilaginibacter_sp._SAP_B3",15.0,12
"s__Mucilaginibacter_sp._TTM-2",14.0,9
"s__Mucilaginibacter_vulcanisilvae",30.0,16
"s__Nubsella_zeaxanthinifaciens",117.0,16
"s__Pedobacter_glucosidilyticus",21.0,12
"s__Pedobacter_namyangjuensis",17.0,16
"s__Pedobacter_sp._Antarctic",28.0,12
"s__Pedobacter_sp._BS03",49.0,16
"s__Pedobacter_sp._EN12",20.0,16
"s__Pedobacter_sp._HME6451",19.0,13
"s__Solitalea_canadensis",5.0,5
"s__Solitalea_koreensis",5.0,5
"s__Sphingobacterium_comitans",11.0,7
"s__Sphingobacterium_paucimobilis",5.0,5
"s__Sphingobacterium_sp._32",10.0,8
"s__Sphingobacterium_sp._T47",9.0,9
"s__Sphingobacterium_sp._YIM_101302",5.0,5
"s__Candidatus_Jorgensenbacteria_bacterium_GW2011_GWA1_48_13",11.0,10
"s__Parcubacteria_bacterium_C7867-005",12.0,12
"s__Candidatus_Saccharibacteria_bacterium_GW2011_GWC2_44_17",107.0,16
"s__candidate_division_TM7_bacterium_JGI_0001002-L20",14.0,12
"s__candidate_division_TM7_bacterium_LY2",12.0,5
"s__candidate_division_TM7_genomosp._GTL1",10.0,8
"s__metal-contaminated_soil_clone_K20-12",10.0,8
"s__metal-contaminated_soil_clone_K20-27",20.0,16
"s__Chlamydiales_bacterium_NS11",13.0,10
"s__Parachlamydia_acanthamoebae",15.0,13
"s__Scytonema_sp._'Coccocarpia_sp._kj30_cyanobiont'",7.0,7
"s__Hassallia_byssoidea",219.0,16
"s__Leptolyngbyaceae_cyanobacterium_CENA374",38.0,16
"s__Paenibacillus_lautus",5.0,5
"s__Paenibacillus_sp._L1",5.0,5
"s__Clostridium_butyricum",9.0,7
"s__Clostridium_sp._AN-AS3B",5.0,5
"s__Eubacterium_sp._JCM_9976",5.0,5
"s__Hespellia_porcina",5.0,5
"s__bacterium_Ellin5290",89.0,16
"s__Tepidisphaera_mucosa",96.0,16
"s__Planctomycetales_bacterium_Ellin7224",136.0,16
"s__Planctomycetales_bacterium_Ellin7244",160.0,16
"s__Planctomicrobium_piriforme",22.0,16
"s__proteobacterium_symbiont_of_Nilaparvata_lugens",18.0,10
"s__alpha_proteobacterium_KC-IT-F6",19.0,13
"s__alpha_proteobacterium_endosymbiont_2_of_Inanidrilus_makropetalos",5.0,5
"s__Candidatus_Nucleicultrix_amoebiphila",7.0,7
"s__Asticcacaulis_solisilvae",67.0,14
"s__Asticcacaulis_sp._SA7",20.0,16
"s__Beijerinckia_sp._M016010",24.0,14
"s__Beijerinckia_sp._N4",13.0,12
"s__Bradyrhizobiaceae_bacterium_PTG4-2",8.0,8
"s__Bosea_sp._enrichment_culture_clone_Nk_2",12.0,12
"s__Variibacter_gotjawalensis",243.0,16
"s__Hyphomicrobiaceae_bacterium_H13",30.0,16
"s__Hyphomicrobium_sp._DC2c-1",35.0,16
"s__Microvirga_sp._DB1703",13.0,12
"s__Ensifer_adhaerens",29.0,16
"s__Rhizobium_etli",12.0,11
"s__Rhodobium_sp._MGS3-3",18.0,14
"s__Roseiarcus_fermentans",11.0,7
"s__Labrys_sp._R20-31",5.0,5
"s__Rhodobacter_sp._13636H",5.0,5
"s__Acetobacteraceae_bacterium_MP03",11.0,11
"s__Rhodopila_globiformis",66.0,16
"s__Lacibacterium_aquatile",62.0,16
"s__Lacibacterium_sp._UR7-11",28.0,16
"s__Niveispirillum_irakense",31.0,16
"s__Sphingomonas_sp._MN_122.2a",10.0,9
"s__Sphingomonas_sp._PBI_163",17.0,11
"s__Sphingomonas_sp._V3M19",43.0,16
"s__Sphingopyxis_sp._szh_adharsh",157.0,16
"s__bacterium_Ellin6067",57.0,16
"s__beta_proteobacterium_HTCC304",55.0,16
"s__blackwater_bioreactor_bacterium_BW5",5.0,5
"s__humic_substances_enrichment_clone_A13",13.0,12
"s__Leptothrix_sp._FG_68",18.0,16
"s__Leptothrix_sp._OT_B_406",14.0,12
"s__Burkholderia_sp._JSC-R3-522-9",82.0,16
"s__Paraburkholderia_zhejiangensis",5.0,5
"s__Chitinimonas_sp._HME8940",8.0,7
"s__Ralstonia_mannitolilytica",17.0,12
"s__Comamonadaceae_bacterium_167B",38.0,15
"s__Comamonadaceae_bacterium_JGI_0001003-E14",13.0,13
"s__Comamonadaceae_bacterium_PRE1b2",177.0,16
"s__Comamonadaceae_bacterium_b4M",22.0,12
"s__Acidovorax_sp._1011MAR4D40,2",34.0,10
"s__Brachymonas_petroleovorans",8.0,8
"s__Caenimonas_sp._SL110",44.0,16
"s__Hylemonella_gracilis",59.0,16
"s__Lampropedia_sp._2Bin",93.0,16
"s__Pelomonas_sp._T52",13.0,12
"s__Ramlibacter_henchirensis",21.0,10
"s__Ramlibacter_sp._7B-217",11.0,10
"s__Ramlibacter_tataouinensis",22.0,16
"s__Variovorax_soli",36.0,14
"s__Variovorax_sp._ADC5",109.0,16
"s__Variovorax_sp._Po17e",319.0,16
"s__Variovorax_sp._Z0-YC6806",12.0,11
"s__Xenophilus_azovorans",67.0,16
"s__Xenophilus_sp._P16",52.0,16
"s__Andreprevotia_lacus",52.0,16
"s__Gulbenkiania_indica",7.0,7
"s__Bdellovibrionales_bacterium_Ga0074137",211.0,16
"s__Bacteriovorax_sp._EPC3",48.0,16
"s__Bacteriovorax_stolpii",71.0,14
"s__Bdellovibrio_bacteriovorus",113.0,16
"s__Bdellovibrio_exovorus",28.0,16
"s__Bdellovibrio_sp._oral_clone_CA006",72.0,16
"s__Desulfobulbus_sp._IS6",6.0,6
"s__Myxococcales_bacterium_LWH177",6.0,6
"s__myxobacterium_AT3-03",8.0,8
"s__Minicystis_rosea",95.0,16
"s__Aetherobacter_rufus",497.0,16
"s__Sorangium_cellulosum",151.0,16
"s__Gammaproteobacteria_bacterium_SCGC_AG-212-F23",11.0,11
"s__gamma_proteobacterium_W1.09-152",220.0,16
"s__Cellvibrio_diazotrophicus",11.0,8
"s__Legionella_pneumophila",19.0,16
"s__Methylomonas_sp._GYJ3",74.0,16
"s__Acinetobacter_sp._EU60",7.0,7
"s__Alkanindiges_hongkongensis",5.0,5
"s__Pseudomonas_cichorii",14.0,11
"s__Pseudomonas_libanensis",66.0,16
"s__Pseudomonas_peli",10.0,10
"s__Pseudomonas_sp._SQ7-27-7",5.0,5
"s__Pseudomonas_xinjiangensis",6.0,5
"s__Chiayiivirga_flava",31.0,16
"s__Dyella_japonica",5.0,5
"s__Dyella_sp._BM6",25.0,9
"s__Kaistibacter_ginsenosidimutans",5.0,5
"s__'Hevea_brasiliensis'_phytoplasma",23.0,16
"s__Verrucomicrobia_bacterium_IMCC26134",107.0,16
"s__Verrucomicrobia_bacterium_SCGC_AG-212-E04",357.0,16
"s__bacterium_Ellin507",413.0,16
"s__Brevifollis_gellanilyticus",34.0,13
"s__Haloferula_sp._BvORR071",73.0,16
"s__Luteolibacter_sp._GR6-01",37.0,16
"s__Prosthecobacter_debontii",17.0,12
"s__Virgulinella_fragilis",143.0,16
"s__Trichomonas_vaginalis",24.0,16
"s__Hyaloperonospora_arabidopsidis",119.0,16
"s__Cymatopleura_solea",5.0,5
"s__Chaetoceros_socialis",200.0,16
"s__Asterionella_ralfsii",31.0,14
"s__Daphnia_magna",155.0,16
"s__Graminella_nigrifrons",7.0,7
"s__Gryllus_firmus",17.0,10
"s__Austrofundulus_limnaeus",242.0,16
"s__Schmidtea_mediterranea",5.0,5
"s__Hypsibius_dujardini",1477.0,16
"s__Pseudomuriella_schumacherensis",7.0,6
"s__Xylochloris_irregularis",55.0,16
"s__Coccomyxa_simplex",170.0,16
"s__Elliptochloris_bilobata",16.0,13
"s__Colobanthus_quitensis",19.0,13
"s__Persicaria_minor",46.0,15
"s__Sedum_alfredii",7.0,7
"s__Agrostis_stolonifera",52.0,6
"s__Musa_x_paradisiaca",164.0,16
"s__arsenic-oxidizing_bacterium_B02",8.0,8
"s__bacterium_7B4",9.0,8
"s__bacterium_Ellin6502",6.0,5
"s__bacterium_Ellin6505",28.0,13
"s__bacterium_G6",17.0,12
"s__bacterium_MI-37",46.0,14
"s__bacterium_MI-8",12.0,9
"s__bacterium_RS28G",32.0,13
"s__bacterium_RS5A",22.0,11
"s__bacterium_SCGC_AG-212-C10",17.0,14
"s__bacterium_WX65",29.0,13
"s__bacterium_YC-ZSS-LKJ146",30.0,14
"s__bacterium_YC-ZSS-LKJ67",4.0,4
"s__bacterium_endosymbiont_of_Mortierella_elongata",9.0,7
"s__bacterium_enrichment_culture_clone_15A5",5.0,5
"s__bacterium_enrichment_culture_clone_Anammox_49",10.0,10
"s__bacterium_enrichment_culture_clone_B17(2011)",8.0,8
"s__bacterium_enrichment_culture_clone_B30(2011)",14.0,11
"s__bacterium_enrichment_culture_clone_HS_5",16.0,13
"s__bacterium_enrichment_culture_clone_KIST-JJY169",44.0,14
"s__bacterium_enrichment_culture_clone_auto10_4W",22.0,11
"s__bacterium_enrichment_culture_clone_auto222_4W",13.0,8
"s__bacterium_enrichment_culture_clone_auto2_4W",66.0,11
"s__bacterium_enrichment_culture_clone_auto39_4W",4.0,4
"s__bacterium_enrichment_culture_clone_auto5_4W",63.0,14
"s__bacterium_enrichment_culture_clone_auto67_4W",46.0,14
"s__bacterium_enrichment_culture_clone_heteroA71_4W",9.0,8
"s__denitrifying_bacterium_enrichment_culture_clone_NOB_0_E6",4.0,4
"s__denitrifying_bacterium_enrichment_culture_clone_NOB_2_A10",5.0,5
"s__iron-reducing_bacterium_enrichment_culture_clone_FeC_1_D5",9.0,9
"s__iron-reducing_bacterium_enrichment_culture_clone_FeC_1_E2",93.0,14
"s__iron-reducing_bacterium_enrichment_culture_clone_FeC_1_F2",11.0,9
"s__iron-reducing_bacterium_enrichment_culture_clone_FeC_1_G4",13.0,9
"s__iron-reducing_bacterium_enrichment_culture_clone_HN112",30.0,14
"s__Acidobacteria_bacterium_AB158",4.0,4
"s__Acidobacteria_bacterium_CCO287",9.0,5
"s__Acidobacteria_bacterium_IGE-011",4.0,4
"s__Acidobacteria_bacterium_WX72",23.0,13
"s__Acidobacteria_bacterium_WY11",38.0,14
"s__Acidobacteriaceae_bacterium_KBS_83",13.0,9
"s__bacterium_Ellin342",10.0,8
"s__Acidicapsa_borealis",6.0,5
"s__Acidobacterium_sp._Ac_12_G8",18.0,9
"s__Holophaga_sp._WY42",74.0,14
"s__Holophaga_sp._oral_clone_CA002",53.0,14
"s__Aciditerrimonas_ferrireducens",20.0,8
"s__Aquihabitans_daechungensis",120.0,14
"s__Iamia_sp._T2-YC6790",41.0,14
"s__actinobacterium_YNPRH1P-1",20.0,11
"s__Actinomyces_sp._oral_clone_IO076",4.0,4
"s__Mycobacterium_savoniae",51.0,14
"s__Frankiaceae_gen._sp._G10",10.0,8
"s__Tropheryma_whipplei",4.0,4
"s__Cellulomonas_sp._Po15a",11.0,9
"s__Tetrasphaera_vanveenii",4.0,4
"s__Agromyces_sp._THG_S6-7",4.0,4
"s__Frondihabitans_sp._40r5",12.0,10
"s__Frondihabitans_sp._PAMC_28766",20.0,14
"s__Leifsonia_sp._109",7.0,7
"s__Leifsonia_sp._CHNTR46",4.0,4
"s__Leifsonia_sp._MN10-2",4.0,4
"s__Leucobacter_tardus",14.0,10
"s__Microbacterium_indicum",25.0,13
"s__Yonghaparkia_alkaliphila",4.0,4
"s__Yonghaparkia_sp._Root332",13.0,11
"s__Sanguibacter_sp._2P04PD",4.0,4
"s__Actinocatenispora_sp._TS2231",5.0,5
"s__Catelliglobosispora_koreensis",31.0,13
"s__Micromonospora_pisi",41.0,14
"s__Plantactinospora_sp._lxw064",14.0,14
"s__Salinispora_pacifica",16.0,10
"s__Salinispora_sp._13-18-9",6.0,4
"s__Nocardioidaceae_str._Ellin167",11.0,10
"s__Friedmanniella_endophytica",31.0,14
"s__Nocardioides_islandensis",31.0,14
"s__Nocardioides_lentus",18.0,11
"s__Nocardioides_sp._CF8",20.0,14
"s__Actinomycetospora_iriomotensis",18.0,13
"s__Actinomycetospora_rishiriensis",4.0,4
"s__Longimycelium_tulufanense",17.0,14
"s__Pseudonocardia_asaccharolytica",8.0,8
"s__Pseudonocardia_sp._AAI2",7.0,7
"s__Pseudonocardia_sp._CNJ888_PL04",4.0,4
"s__Pseudonocardia_sp._IIUM_K4-16",15.0,12
"s__Pseudonocardia_yunnanensis",8.0,8
"s__Saccharopolyspora_rectivirgula",5.0,5
"s__Streptomyces_sp._Q1",34.0,14
"s__Streptomyces_vinaceus",4.0,4
"s__Actinocorallia_cavernae",10.0,8
"s__bacterium_Ellin504",74.0,14
"s__Solirubrobacterales_bacterium_URHD0059",32.0,13
"s__Conexibacter_sp._JCM_18997",12.0,10
"s__Solirubrobacter_soli",6.0,5
"s__Bacteroidetes_bacterium_RBE2CD-54",18.0,10
"s__Mariniphaga_sediminis",11.0,9
"s__Chitinophagaceae_bacterium_BLB-2F4-1",189.0,14
"s__Chitinophagaceae_bacterium_SL013G",10.0,7
"s__Chitinophaga_sp._A5I53",4.0,4
"s__Niastella_koreensis",24.0,11
"s__Niastella_sp._HME8655",8.0,8
"s__Parasegetibacter_terrae",5.0,5
"s__Segetibacter_aerophilus",27.0,13
"s__Taibaiella_coffeisoli",38.0,14
"s__Taibaiella_yonginensis",7.0,7
"s__Algoriphagus_sp._JJ018",55.0,14
"s__Dyadobacter_fermentans",12.0,10
"s__Dyadobacter_sp._enrichment_culture",7.0,7
"s__Emticicia_ginsengisoli",71.0,14
"s__Emticicia_sp._NL128",16.0,12
"s__Spirosoma_endophyticum",10.0,7
"s__Spirosoma_sp._KSM4-2",54.0,14
"s__Spirosoma_sp._TX0406",39.0,14
"s__Spirosoma_sp._TX0653",22.0,14
"s__Aureibacter_tunicatorum",12.0,11
"s__Chryseobacterium_sp._130D",24.0,13
"s__Flavobacterium_columnare",13.0,11
"s__Flavobacterium_jumunjinense",4.0,4
"s__Flavobacterium_macrobrachii",4.0,4
"s__Flavobacterium_sp._C-2",31.0,14
"s__Flavobacterium_sp._CHF1-5-1",13.0,9
"s__Flavobacterium_sp._HWG-A1",6.0,6
"s__Flavobacterium_sp._M1_I3",8.0,8
"s__Flavobacterium_sp._YIM_97465",6.0,4
"s__Flavobacterium_urocaniciphilum",4.0,4
"s__Marixanthomonas_ophiurae",4.0,4
"s__Myroides_odoratus",5.0,5
"s__Myroides_phaeus",13.0,8
"s__bacterium_CS57",8.0,8
"s__Anseongella_ginsenosidimutans",4.0,4
"s__Mucilaginibacter_paludis",11.0,11
"s__Pedobacter_lentus",4.0,4
"s__Pedobacter_sp._Leaf194",4.0,4
"s__Pedobacter_sp._Zs28",4.0,4
"s__Pedobacter_terricola",4.0,4
"s__Sphingobacterium_sp._P-7",26.0,14
"s__Sphingobacterium_wenxiniae",4.0,4
"s__Parcubacteria_bacterium_C7867-006",8.0,8
"s__Candidatus_Sonnebornia_yantaiensis",8.0,8
"s__Candidatus_Saccharibacteria_bacterium_RAAC3_TM7_1",13.0,13
"s__Neochlamydia_sp._Trut23-12-2015_Venoge-Embouchure",43.0,14
"s__Chloroflexi_bacterium_OLB14",13.0,10
"s__Chloroflexaceae_bacterium_S126",9.0,7
"s__Loriellopsis_cavernicola",72.0,14
"s__Tolypothrix_campylonemoides",19.0,14
"s__Hormoscilla_spongeliae",4.0,4
"s__Leptolyngbya_sp._O-77",12.0,11
"s__Pseudanabaenaceae_cyanobacterium_PBP-U-KK1",4.0,4
"s__Enterococcus_dispar",4.0,4
"s__Lactobacillus_sp._C30An8",10.0,8
"s__Weissella_viridescens",4.0,4
"s__eubacterium_sp._11-14",46.0,14
"s__Anaerospora_hongkongensis",18.0,6
"s__Leptotrichia_sp._oral_taxon_847",4.0,4
"s__Gemmatimonadetes_bacterium_Ellin7146",16.0,11
"s__bacterium_Ellin5220",4.0,4
"s__bacterium_Ellin5301",9.0,8
"s__Gemmatimonas_aurantiaca",18.0,14
"s__Gemmatirosa_kalamazoonesis",43.0,13
"s__Longimicrobium_terrae",25.0,14
"s__Candidatus_Nitrospira_nitrosa",19.0,13
"s__Nitrospira_enrichment_culture_clone_GaII",7.0,7
"s__Nitrospira_japonica",4.0,4
"s__Planctomycetia_bacterium_WSF3-27",19.0,10
"s__Candidatus_Nostocoida_acidiphila",10.0,7
"s__Nostocoida_limicola_III",9.0,6
"s__Planctomycetales_bacterium_Ellin6207",53.0,14
"s__bacterium_Ellin5111",24.0,13
"s__Isosphaera_sp._Io3-6",20.0,13
"s__Isosphaera_sp._SD2-3",24.0,14
"s__Paludisphaera_borealis",16.0,9
"s__Planctomycetaceae_bacterium_SCGC_AG-212-F19",22.0,13
"s__planctomycete_WY69",29.0,14
"s__planctomycete_str._292",4.0,4
"s__Gemmata_sp._Br1-2",51.0,14
"s__Gemmata_sp._Fl1-1",11.0,8
"s__Gemmata_sp._IIL30",11.0,11
"s__Gemmata_sp._SD2-6",15.0,11
"s__Gemmata_sp._Wa1-6",26.0,14
"s__Pirellula_sp._Br1-4",11.0,10
"s__Planctomyces_sp._SCGC_AG-212-M04",17.0,12
"s__Planctomyces_sp._SH-PL14",17.0,13
"s__Rubinisphaera_brasiliensis",22.0,14
"s__Schlesneria_paludicola",20.0,14
"s__Zavarzinella_formosa",7.0,7
"s__proteobacterium_Ellin181",44.0,12
"s__proteobacterium_LS-1",51.0,12
"s__alpha_proteobacterium_FSW06-301",14.0,9
"s__alpha_proteobacterium_JL1032",8.0,7
"s__alpha_proteobacterium_KC-IT-H1",4.0,4
"s__alpha_proteobacterium_KC-IT-H2",22.0,14
"s__alpha_proteobacterium_P40",4.0,4
"s__alpha_proteobacterium_kmd_458",26.0,14
"s__Caulobacteraceae_bacterium_PMMR1",5.0,4
"s__Asticcacaulis_excentricus",15.0,10
"s__Asticcacaulis_sp._YBE204",28.0,14
"s__Phenylobacterium_sp._P-32",25.0,14
"s__Woodsholea_maritima",30.0,14
"s__Rhizobiales_bacterium_IZ16",10.0,10
"s__Chelatococcus_sp._P-117",15.0,11
"s__Methylocella_palustris",7.0,5
"s__Methyloferula_sp._PAMC_26571",19.0,14
"s__Afipia_sp._BAC146",15.0,12
"s__Bradyrhizobium_elkanii",4.0,4
"s__Bradyrhizobium_japonicum",4.0,4
"s__Bradyrhizobium_sp._PT59",10.0,10
"s__Rhodoblastus_acidophilus",12.0,9
"s__Ochrobactrum_sp._CGL1",18.0,14
"s__Ochrobactrum_sp._enrichment_culture_clone_VanCtr75",27.0,14
"s__Hyphomicrobium_vulgare",8.0,8
"s__Methylobacteriaceae_bacterium_YIM_100770",31.0,14
"s__Methylobacterium_organophilum",11.0,11
"s__Methylobacterium_populi",8.0,8
"s__Methylocystis_sp._m1511",11.0,11
"s__Pleomorphomonas_oryzae",4.0,4
"s__Mesorhizobium_sp._ORS_3678",4.0,4
"s__Mesorhizobium_sp._enrichment_culture_clone_SA_NR7_1",10.0,10
"s__Rhizobium_sp._CU-A1",11.0,11
"s__Rhodoligotrophos_appendicifer",7.0,7
"s__Pseudolabrys_taiwanensis",18.0,14
"s__Pseudoxanthobacter_sp._S50",11.0,7
"s__Ketogulonicigenium_vulgare",48.0,14
"s__Rhodovulum_adriaticum",14.0,8
"s__Rhodovulum_sp._SPS1025",9.0,8
"s__Rhodospirillales_bacterium_WX36",10.0,8
"s__Acetobacteraceae_bacterium_GIMN_1.017",9.0,8
"s__Acetobacter_sp._JG-2009",4.0,4
"s__Acidocella_sp._MS-G3",41.0,14
"s__Roseomonas_sp._R-1",8.0,7
"s__Dongia_sp._URHE0060",112.0,14
"s__Haematospirillum_jordaniae",6.0,6
"s__Magnetospirillum_sp._enrichment_culture_clone_Van20",15.0,12
"s__Candidatus_Cyrtobacter_zanobii",4.0,4
"s__Candidatus_Fokinia_solitaria",7.0,7
"s__Candidatus_Megaira_polyxenophila",30.0,14
"s__Candidatus_Trichorickettsia_mobilis",75.0,14
"s__Orientia_tsutsugamushi",22.0,14
"s__Oceanibacterium_hippocampi",8.0,8
"s__Sphingomonadaceae_bacterium_MWH-CaK2",4.0,4
"s__Blastomonas_aquatica",6.0,6
"s__Sphingomonas_alpina",30.0,14
"s__Sphingomonas_sp._AM20-41",55.0,14
"s__Sphingomonas_sp._RNS-1",6.0,4
"s__Sphingorhabdus_arenilitoris",19.0,14
"s__bacterium_Ellin6095",15.0,10
"s__beta_proteobacterium_KF033",7.0,5
"s__beta_proteobacterium_USH1",7.0,7
"s__Burkholderiales_bacterium_GJ-E10",6.0,6
"s__Aquabacterium_sp._Aqua1a",28.0,11
"s__Leptothrix_sp._enrichment_culture_clone_ANA-RAS-12",15.0,8
"s__Paucibacter_toxinivorans",20.0,14
"s__Sphaerotilus_montanus",8.0,7
"s__Basilea_psittacipulmonis",9.0,8
"s__Pelistega_suis",41.0,14
"s__Burkholderia_gladioli",4.0,4
"s__Burkholderia_pseudomallei",18.0,13
"s__Burkholderia_sp._PA61Nov",41.0,13
"s__Burkholderia_sp._T3C",4.0,4
"s__Candidatus_Protistobacter_heckmanni",8.0,7
"s__Paucimonas_lemoignei",9.0,8
"s__Comamonadaceae_bacterium_BFE5D",4.0,4
"s__Acidovorax_facilis",19.0,14
"s__Acidovorax_sp._J9(2011)",13.0,12
"s__Comamonas_testosteroni",11.0,11
"s__Pelomonas_sp._R7W-1-1",24.0,14
"s__Schlegelella_thermodepolymerans",7.0,7
"s__Oxalobacteraceae_bacterium_MORI3",11.0,8
"s__Janthinobacterium_sp._155H2",8.0,7
"s__Naxibacter_sp._JL36",30.0,14
"s__Oxalobacter_formigenes",9.0,8
"s__Undibacterium_sp._CMFN9",5.0,5
"s__Undibacterium_squillarum",16.0,11
"s__Ferritrophicum_radicicola",5.0,5
"s__Methylophilales_bacterium_LSUCC0135",16.0,9
"s__Methylotenera_mobilis",4.0,4
"s__Methylotenera_sp._N17",16.0,11
"s__Neisseria_lactamica",8.0,8
"s__delta_proteobacterium_LWH25",15.0,13
"s__delta_proteobacterium_LX33",19.0,14
"s__delta_proteobacterium_WX152",22.0,13
"s__delta_proteobacterium_WX81",15.0,10
"s__Spirobacillus_sp._BFE32B",12.0,8
"s__Bacteriovorax_sp._EPA",7.0,5
"s__Peredibacter_starrii",26.0,14
"s__Geobacter_sp._enrichment_culture_clone_VanCtr1",30.0,13
"s__Sorangiineae_bacterium_SBCm007",4.0,4
"s__myxobacterium_SMH-27-4",24.0,14
"s__Archangium_gephyra",20.0,12
"s__Cystobacter_sp._GNDU_S213",24.0,14
"s__Labilithrix_luteola",70.0,14
"s__Phaselicystis_flava",27.0,12
"s__Polyangium_spumosum",21.0,11
"s__endosymbiont_of_Ridgeia_piscesae",4.0,4
"s__gamma_proteobacterium_CH43",4.0,4
"s__gamma_proteobacterium_MKI1",4.0,4
"s__gamma_proteobacterium_WY1",20.0,14
"s__Acidibacter_ferrireducens",10.0,9
"s__Cellvibrio_ostraviensis",7.0,7
"s__Inmirania_thermothiophila",10.0,9
"s__Enterobacteriaceae_bacterium_190D",12.0,10
"s__Candidatus_Regiella_insecticola",9.0,8
"s__Enterobacter_cloacae",8.0,8
"s__Enterobacter_ludwigii",12.0,12
"s__Escherichia_coli",8.0,7
"s__Klebsiella_oxytoca",48.0,14
"s__Buchnera_aphidicola",15.0,8
"s__Pantoea_sp._GR_6-07",18.0,13
"s__Pantoea_sp._UYFA110",28.0,8
"s__Morganella_morganii",14.0,9
"s__Pectobacterium_carotovorum",75.0,14
"s__Sodalis-like_endosymbiont_of_Philaenus_spumarius",4.0,4
"s__Serratia_sp._mixed_culture_X13-6",14.0,8
"s__Aquicella_lusitana",8.0,7
"s__Candidatus_Rickettsiella_viridis",16.0,8
"s__Hydrocarboniphaga_daqingensis",35.0,14
"s__Hydrocarboniphaga_effusa",17.0,12
"s__Nevskia_ramosa",12.0,8
"s__Nevskia_terrae",26.0,12
"s__Povalibacter_uvarum",17.0,13
"s__Solimonas_aquatica",4.0,4
"s__Candidatus_Halomonas_phosphatis",8.0,5
"s__Acinetobacter_sp._A47",5.0,5
"s__Acinetobacter_sp._GIST-OutAn1",5.0,5
"s__Acinetobacter_sp._LCR84",4.0,4
"s__gamma_proteobacterium_Y-134",33.0,13
"s__Pseudomonas_fluorescens",55.0,14
"s__Pseudomonas_putida",33.0,14
"s__Pseudomonas_sp._JR-6",4.0,4
"s__Dyella_sp._BJ35",18.0,14
"s__Luteibacter_yeojuensis",4.0,4
"s__Arenimonas_daechungensis",7.0,6
"s__Arenimonas_oryziterrae",8.0,7
"s__Luteimonas_notoginsengisoli",12.0,9
"s__Luteimonas_sp._Q-1",32.0,14
"s__Stenotrophomonas_maltophilia",5.0,4
"s__Oligoflexus_tunisiensis",9.0,9
"s__Turneriella_parva",19.0,14
"s__Spirochaeta_sp._MWH-HuW24",23.0,12
"s__Verrucomicrobia_bacterium_LX181",27.0,14
"s__Verrucomicrobia_bacterium_OR-59",12.0,10
"s__Opitutaceae_bacterium_Ho45",14.0,10
"s__Opitutus_sp._WS3(2011)",20.0,14
"s__Spartobacteria_bacterium_Gsoil_144",17.0,14
"s__bacterium_Ellin506",83.0,14
"s__bacterium_Ellin511",103.0,14
"s__bacterium_Ellin513",69.0,14
"s__Terrimicrobium_sacchariphilum",23.0,11
"s__bacterium_Ellin516",39.0,13
"s__bacterium_Ellin517",21.0,10
"s__Verrucomicrobiaceae_bacterium_CHC8",15.0,10
"s__Verrucomicrobiaceae_bacterium_SCGC_AG-212-N21",16.0,11
"s__Haloferula_helveola",20.0,10
"s__Luteolibacter_algae",4.0,4
"s__Luteolibacter_cuticulihirudinis",6.0,5
"s__Luteolibacter_yonseiensis",15.0,10
"s__Prosthecobacter_algae",11.0,6
"s__Verrucomicrobium_sp._IMCC25902",21.0,14
"s__Durinskia_baltica",11.0,11
"s__Haslea_nipkowii",6.0,5
"s__Attheya_longicornis",4.0,4
"s__Phortica_variegata",8.0,8
"s__Ephemera_danica",5.0,5
"s__Tetramorium_bicarinatum",34.0,14
"s__Megalopta_genalis",15.0,11
"s__Athetis_lepigone",14.0,12
"s__Rhacophorus_dennysi",75.0,14
"s__Jenufa_perforata",6.0,5
"s__Coelastrella_sp._M60",7.0,5
"s__Watanabea_reniformis",16.0,11
"s__Fusochloris_perforata",12.0,11
"s__Symbiochloris_reticulata",103.0,14
"s__Cercis_gigantea",9.0,7
"s__Gossypium_arboreum",47.0,14
"s__Riccardia_latifrons",4.0,4
"s__Pleurozia_purpurea",4.0,4
"s__Cheilolejeunea_clypeata",4.0,4
"s__Dioscorea_alata",5.0,4
"s__Oryza_longistaminata",156.0,14
"s__Triticum_polonicum",12.0,11
"s__Triticum_urartu",14.0,7
"s__Sphagnum_squarrosum",4.0,4
"s__Staurastrum_punctulatum",5.0,5
"s__BTEX-degrading_bacterium_enrichment_culture",13.0,12
"s__agricultural_soil_bacterium_SC-I-15",6.0,6
"s__agricultural_soil_bacterium_SC-I-81",6.0,6
"s__arsenic-oxidizing_bacterium_C12",7.0,7
"s__bacterium_09.96.18",5.0,4
"s__bacterium_CB03",9.0,9
"s__bacterium_Ellin6510",24.0,8
"s__bacterium_Ellin6529",23.0,9
"s__bacterium_LWH54",7.0,6
"s__bacterium_YC-LK-LKJ13",9.0,8
"s__bacterium_YC-LK-LKJ4",10.0,10
"s__bacterium_enrichment_culture_clone_67",4.0,4
"s__bacterium_enrichment_culture_clone_DSR_31",4.0,4
"s__bacterium_enrichment_culture_clone_KIST-JJY167",12.0,10
"s__bacterium_enrichment_culture_clone_SBII3",33.0,11
"s__bacterium_enrichment_culture_clone_SBIa33",5.0,4
"s__bacterium_enrichment_culture_clone_auto112_4W",10.0,9
"s__bacterium_enrichment_culture_clone_auto45_4W",13.0,9
"s__bacterium_enrichment_culture_clone_heteroA49_4W",13.0,9
"s__bacterium_symbiont_of_Bactrocera_correcta",6.0,4
"s__drinking_water_bacterium_MA26",11.0,9
"s__drinking_water_bacterium_MB13",4.0,4
"s__iron-reducing_bacterium_enrichment_culture_clone_FEA_2_B7",8.0,7
"s__photoautotrophic_bacterium_GMMC_Photoauto_1",11.0,10
"s__Acidobacteria_bacterium_Ga0074141",6.0,6
"s__Acidobacteria_bacterium_LWQ117",6.0,4
"s__Acidobacteria_bacterium_OLB17",10.0,10
"s__Occallatibacter_riparius",4.0,4
"s__Geothrix_fermentans",4.0,4
"s__actinobacterium_DSM_46683",7.0,7
"s__Corynebacterium_argentoratense",6.0,6
"s__Mycobacterium_immunogenum",8.0,7
"s__Mycobacterium_sp._155",4.0,4
"s__Mycobacterium_sp._M_131",4.0,4
"s__Nocardia_sp._M4S17",4.0,4
"s__Frankineae_bacterium_MI-1.2_V7",11.0,7
"s__Fodinicola_feengrottensis",10.0,9
"s__Kineococcus_aurantiacus",5.0,5
"s__Kineococcus_sp._YIM_65377",4.0,4
"s__Kineosporia_aurantiaca",13.0,12
"s__Cellulomonas_sp._NII-1013",7.0,7
"s__Dermacoccus_barathri",6.0,6
"s__Curtobacterium_sp._VKM_Ac-1811",7.0,7
"s__Microbacterium_sp._6B",11.0,9
"s__Okibacterium_fritillariae",7.0,5
"s__Sanguibacter_sp._804B5_12ECASO",24.0,13
"s__Actinoplanes_sp._MN08-A0233",5.0,5
"s__Nakamurella_sp._DB0629",4.0,4
"s__Marmoricola_sp._S8-670",4.0,4
"s__Marmoricola_sp._URHB0036",13.0,10
"s__Nocardioides_sp._Iso805N",7.0,7
"s__Nocardioides_sp._MSL_18",9.0,9
"s__Nocardioides_sp._THG-a18",4.0,4
"s__Actinomycetospora_chiangmaiensis",4.0,4
"s__Saccharopolyspora_flava",4.0,4
"s__Saccharopolyspora_gregorii",4.0,4
"s__Streptomyces_scabrisporus",6.0,6
"s__Streptomyces_sp.",7.0,7
"s__Streptomyces_sp._AL2",7.0,7
"s__Streptomyces_sp._DSX3",4.0,4
"s__Actinocorallia_lasiicapitis",4.0,4
"s__Conexibacter_woesei",23.0,13
"s__Parviterribacter_multiflagellatus",12.0,9
"s__Solirubrobacter_pauli",4.0,4
"s__Solirubrobacter_sp._Gsoil_921",7.0,7
"s__Bacteroidetes_bacterium_N2",25.0,13
"s__Bacteroides_oleiciplenus",4.0,4
"s__Dysgonomonas_hofstadii",4.0,4
"s__Dysgonomonas_macrotermitis",4.0,4
"s__Dysgonomonas_sp._BGC7",6.0,6
"s__Prevotella_sp._10(H)",44.0,8
"s__Mucinivorans_hirudinis",4.0,4
"s__Chitinophaga_sp._BS27",6.0,6
"s__Chitinophaga_sp._W29",7.0,7
"s__Filimonas_sp._CC-YHH650",7.0,7
"s__Flavihumibacter_petaseus",5.0,4
"s__Heliimonas_saccharivorans",4.0,4
"s__Chryseolinea_serpens",12.0,10
"s__Dyadobacter_jiangsuensis",7.0,7
"s__Ohtaekwangia_kribbensis",6.0,6
"s__Rudanella_lutea",6.0,6
"s__Spirosoma_panaciterrae",8.0,7
"s__Spirosoma_sp._APU1a",6.0,6
"s__Spirosoma_sp._JBM2-3",14.0,11
"s__Spirosoma_sp._TX0405",13.0,10
"s__Flavobacterium_pectinovorum",14.0,8
"s__Flavobacterium_sp._Ama16",13.0,11
"s__Sphingobacteriales_bacterium_ZH1",6.0,6
"s__Mucilaginibacter_sp._KOPRI_25889",8.0,7
"s__Mucilaginibacter_sp._S2-44-2",9.0,8
"s__Mucilaginibacter_sp._UR_6-09",6.0,6
"s__Sphingobacterium_sp._P-38",4.0,4
"s__Marinimicrobia_bacterium_46_47",4.0,4
"s__Candidatus_Saccharimonas_aalborgensis",7.0,7
"s__Candidatus_Woesebacteria_bacterium_GW2011_GWF1_31_35",4.0,4
"s__Chlamydiales_bacterium_CRIB33",14.0,10
"s__Chlamydiales_bacterium_CRIB_32",7.0,7
"s__Chlamydia_sp._'Diamant'",7.0,7
"s__Chloroflexi_bacterium_Ellin7237",113.0,13
"s__Litorilinea_aerophila",4.0,4
"s__Gloeocapsa_sp._AICB1013",4.0,4
"s__Leptolyngbya_sp._B4",10.0,9
"s__Leptolyngbya_sp._UIC_10061",4.0,4
"s__Elusimicrobium_minutum",7.0,4
"s__Staphylococcus_epidermidis",4.0,4
"s__Clostridiales_bacterium_enrichment_culture_clone_WSC-23",4.0,4
"s__Clostridiaceae_bacterium_BARN-424-CC-10",5.0,4
"s__Clostridium_cellulovorans",4.0,4
"s__Leptotrichia_sp._oral_taxon_212",7.0,7
"s__Gemmatimonadetes_bacterium_WY71",11.0,9
"s__planctomycete_WY108",8.0,6
"s__planctomycete_str._563",4.0,4
"s__Planctomyces_sp._423",4.0,4
"s__alpha_proteobacterium_A0721",5.0,5
"s__alpha_proteobacterium_A0838",4.0,4
"s__alpha_proteobacterium_BAC233",4.0,4
"s__alpha_proteobacterium_BAC29",43.0,12
"s__bacterium_Ellin5032",5.0,5
"s__Asticcacaulis_benevestitus",7.0,6
"s__Brevundimonas_diminuta",5.0,4
"s__Phenylobacterium_sp._2PR54-19",4.0,4
"s__Phenylobacterium_sp._B6.10-61",23.0,13
"s__Phenylobacterium_sp._P-28",4.0,4
"s__Rhizobiales_bacterium_GB10",4.0,4
"s__Rhizobiales_bacterium_KVD-1959-05",8.0,7
"s__Methylosulfonomonas_methylovora",8.0,7
"s__Beijerinckiaceae_bacterium_L1D58",15.0,10
"s__Devosia_sp._HP3Z",6.0,4
"s__Devosia_submarina",12.0,12
"s__Devosia_terrae",8.0,7
"s__Rhodomicrobium_sp._VV90",5.0,4
"s__Methylobacterium_sp.",7.0,7
"s__Methylobacterium_sp._CRRI-14",4.0,4
"s__Methylocystaceae_bacterium_PKR-39",13.0,8
"s__Hansschlegelia_plantiphila",9.0,9
"s__Methylocystis_parvus",4.0,4
"s__Labrys_wisconsinensis",10.0,10
"s__Agaricicola_taiwanensis",15.0,10
"s__Gemmobacter_lanyuensis",4.0,4
"s__Rhodovulum_bhavnagarense",4.0,4
"s__Endobacter_medicaginis",6.0,4
"s__Paracraurococcus_sp._ORS_1473",10.0,7
"s__Roseomonas_riguiloci",10.0,9
"s__Roseomonas_terrae",4.0,4
"s__Rhodospirillaceae_bacterium_L34",5.0,5
"s__Candidatus_Odyssella_thessalonicensis",4.0,4
"s__Sphingomonadaceae_bacterium_Gsoil_359",13.0,11
"s__bacterium_Ellin6055",18.0,13
"s__Novosphingobium_arabidopsis",9.0,9
"s__Novosphingobium_aromaticivorans",13.0,9
"s__Sphingobium_sp._W2.10-97",8.0,6
"s__Sphingomonas_mali",5.0,5
"s__Sphingomonas_melonis",4.0,4
"s__Sphingomonas_sp._CC8T",4.0,4
"s__Sphingomonas_sp._JNU-L064",4.0,4
"s__Sphingomonas_sp._ML1",7.0,7
"s__Sphingomonas_sp._UYEF32",7.0,7
"s__Sphingomonas_starnbergensis",7.0,7
"s__Stakelama_sediminis",4.0,4
"s__Zymomonas_mobilis",10.0,9
"s__beta_proteobacterium_B1",7.0,7
"s__beta_proteobacterium_DC2b-18",13.0,10
"s__Candidatus_Accumulibacter_sp._SK-01",12.0,10
"s__Aquabacterium_citratiphilum",19.0,10
"s__Aquabacterium_commune",15.0,4
"s__Sphaerotilus_natans",8.0,7
"s__Thiomonas_sp._ML2-68",4.0,4
"s__Taylorella_equigenitalis",4.0,4
"s__Burkholderia_ambifaria",12.0,11
"s__Burkholderia_glumae",7.0,7
"s__Burkholderia_sp._BB4c",4.0,4
"s__Limnobacter_thiooxidans",4.0,4
"s__Paraburkholderia_andropogonis",9.0,7
"s__Acidovorax_sp._NII-0922",4.0,4
"s__Acidovorax_sp._OES15",7.0,7
"s__Caenimonas_sp._TSX9-5",4.0,4
"s__Comamonas_sp._AS46",5.0,5
"s__Delftia_sp._RF-83",10.0,9
"s__Hydrogenophaga_sp._6A9N6",8.0,7
"s__Verminephrobacter_eiseniae",14.0,12
"s__Herbaspirillum_sp._I-Bh15-17",6.0,6
"s__Herbaspirillum_sp._W1.09-8",4.0,4
"s__Massilia_sp._enrichment_culture_clone_Guo3",12.0,11
"s__Methylophilus_leisingeri",9.0,7
"s__Formivibrio_citricus",8.0,6
"s__Laribacter_hongkongensis",17.0,10
"s__Kingella_denitrificans",4.0,4
"s__Vitreoscilla_stercoraria",5.0,5
"s__Rhodocyclaceae_bacterium_enrichment_culture_clone_MWE_C12",27.0,12
"s__Azonexus_sp._RV5",4.0,4
"s__Zoogloea_oryzae",4.0,4
"s__Zoogloea_ramigera",8.0,7
"s__Candidatus_Babela_massiliensis",4.0,4
"s__Bdellovibrio_sp._Gunpowder",55.0,12
"s__Desulfovibrio_sp._ZIRB-2",4.0,4
"s__Desulfovibrio_sp._enrichment_culture_clone_Jdgsrb011",6.0,6
"s__Myxococcales_bacterium_enrichment_culture_clone_11380",7.0,7
"s__Sorangiineae_bacterium_SBSr006",5.0,5
"s__Byssovorax_cruenta",6.0,6
"s__Aeromonas_hydrophila",4.0,4
"s__Cellvibrio_gandavensis",5.0,5
"s__Cellvibrio_sp._pealriver",9.0,8
"s__Enterobacter_sp._IPR-Pv598",4.0,4
"s__Enterobacter_sp._RC15",4.0,4
"s__Klebsiella_pneumoniae",6.0,6
"s__Serratia_symbiotica",4.0,4
"s__Alkanibacter_difficilis",10.0,9
"s__Nevskia_soli",4.0,4
"s__Steroidobacter_sp._WWH78",4.0,4
"s__Marinobacterium_sp._NIASMIV",4.0,4
"s__Aggregatibacter_segnis",4.0,4
"s__Pseudomonas_aeruginosa",5.0,5
"s__Pseudomonas_sp._GIST-WP4s2",16.0,12
"s__Pseudomonas_sp._NN70",4.0,4
"s__Vibrio_sp._RCB484",4.0,4
"s__Xanthomonadaceae_bacterium_H3",9.0,7
"s__Luteimonas_sp._feline_oral_taxon_166",12.0,8
"s__Stenotrophomonas_rhizophila",8.0,8
"s__Spirochaeta_sp._MWH-HuW8",12.0,12
"s__Phytoplasma_sp._RYL-GD",4.0,4
"s__Entomoplasma_freundtii",5.0,4
"s__Opitutus_sp._VeSm13",13.0,8
"s__Rubritalea_sp._Trut02-60-2015_Venoge-L'Isle",6.0,6
"s__bacterium_Ellin5102",12.0,8
"s__Pedosphaera_parvula",55.0,13
"s__Verrucomicrobiaceae_bacterium_ONA9",13.0,10
"s__Luteolibacter_arcticus",5.0,5
"s__Luteolibacter_sp._CB_286403",14.0,10
"s__Prosthecobacter_fusiformis",4.0,4
"s__Roseimicrobium_gellanilyticum",35.0,10
"s__Verrucomicrobium_sp._BvORR034",8.0,7
"s__Cylindrotheca_closterium",7.0,7
"s__Nitzschia_thermalis",4.0,4
"s__Cymbella_subturgidula",4.0,4
"s__Aulacoseira_ambigua",31.0,10
"s__Attheya_septentrionalis",4.0,4
"s__Azolla_filiculoides",21.0,12
"s__synthetic_construct",14.0,10
"s__Parcubacteria_group_bacterium_GW2011_GWA1_40_21",6.0,6
"s__Parcubacteria_group_bacterium_GW2011_GWA1_60_11",7.0,6
"s__bacterium_Ellin6526",23.0,11
"s__bacterium_Ellin7504",11.0,9
"s__bacterium_KR_1979/121_48",3.0,3
"s__bacterium_N3141",3.0,3
"s__bacterium_enrichment_culture_clone_Anammox_65",3.0,3
"s__bacterium_enrichment_culture_clone_C10",4.0,3
"s__bacterium_enrichment_culture_clone_NCAAH_15N3",9.0,9
"s__bacterium_enrichment_culture_clone_SRAO_28",3.0,3
"s__bacterium_enrichment_culture_clone_auto28_4W",5.0,5
"s__bacterium_enrichment_culture_clone_heteroA59_4W",9.0,9
"s__bacterium_enrichment_culture_clone_heteroB56_4W",3.0,3
"s__bacterium_enrichment_culture_clone_heteroB82_4W",6.0,6
"s__denitrifying_bacterium_enrichment_culture_clone_NOA_1_G9",7.0,5
"s__denitrifying_bacterium_enrichment_culture_clone_NOB_2_H10",4.0,3
"s__drinking_water_bacterium_M3",5.0,5
"s__endosymbiont_of_Alviniconcha_sp._Lau_Basin",7.0,7
"s__endosymbiont_of_Naegleria_clarki",3.0,3
"s__estrogen-degrading_bacterium_KC2",4.0,4
"s__iron-reducing_bacterium_enrichment_culture_clone_FEA_2_E4",3.0,3
"s__iron-reducing_bacterium_enrichment_culture_clone_FeC_1_F4",6.0,6
"s__iron-reducing_bacterium_enrichment_culture_clone_HN72",9.0,5
"s__Acidobacteria_bacterium_JGI_0001001-H03",16.0,9
"s__Granulicella_sapmiensis",7.0,6
"s__Tomitella_cavernea",6.0,6
"s__Corynebacterium_renale",3.0,3
"s__Mycobacterium_sp._Sco-B08",13.0,12
"s__Rhodococcus_sp._ID1732",5.0,5
"s__Rhodococcus_sp._MN8-9",8.0,6
"s__Cryptosporangium_japonicum",3.0,3
"s__Lapillicoccus_sp._C3.5",3.0,3
"s__Ornithinicoccus_sp._TUT1239",3.0,3
"s__Agromyces_rhizospherae",3.0,3
"s__Leucobacter_luti",5.0,5
"s__Microbacterium_sp._Cra23",3.0,3
"s__Phycicola_sp._DDSR311",3.0,3
"s__Rathayibacter_tritici",3.0,3
"s__Kocuria_rhizophila",4.0,4
"s__Kocuria_turfanensis",3.0,3
"s__Sanguibacter_sp._Zs22",4.0,3
"s__Marmoricola_sp._S7-616",3.0,3
"s__Nocardioides_marinquilinus",4.0,4
"s__Naumannella_sp._ID2617S",3.0,3
"s__Streptomyces_sp._KSI_1420",7.0,5
"s__Gaiella_occulta",13.0,9
"s__Bacteroidetes_bacterium_OLB9",14.0,7
"s__Parabacteroides_johnsonii",3.0,3
"s__Niabella_sp._M4Y-2-3",7.0,7
"s__Cytophaga_sp._GRTF4",3.0,3
"s__Dyadobacter_sp._BFE58B1",3.0,3
"s__Huanghella_arctica",5.0,4
"s__Spirosoma_navajo",4.0,3
"s__Hymenobacter_sp._DG7B",3.0,3
"s__Flavobacteriaceae_bacterium_PAGU1468",4.0,4
"s__cf._Chryseobacterium_sp._UOF_CM895",3.0,3
"s__Empedobacter_sp._PH7-1",3.0,3
"s__Flavobacterium_denitrificans",3.0,3
"s__Flavobacterium_indicum",6.0,6
"s__Flavobacterium_longum",3.0,3
"s__Flavobacterium_sp._A21CS2014",25.0,4
"s__Flavobacterium_sp._PSI-22",3.0,3
"s__Flavobacterium_sp._XAS590",3.0,3
"s__Sphingobacteriaceae_str._EP211",3.0,3
"s__Arcticibacter_svalbardensis",4.0,3
"s__Mucilaginibacter_polysacchareus",3.0,3
"s__Mucilaginibacter_sp._1042",6.0,4
"s__Mucilaginibacter_sp._BR5-28",4.0,4
"s__Mucilaginibacter_sp._E22",3.0,3
"s__Pedobacter_rivuli",6.0,6
"s__Sphingobacterium_sp._3-0-1",3.0,3
"s__Candidatus_Mesochlamydia_elodeae",8.0,7
"s__Rhabdochlamydiaceae_bacterium_cvE55",3.0,3
"s__Leptolyngbyaceae_cyanobacterium_CENA359",9.0,7
"s__Paenibacillus_sp._Hg1",3.0,3
"s__Carnobacterium_maltaromaticum",3.0,3
"s__Erysipelothrix_rhusiopathiae",3.0,3
"s__Gemmatimonadetes_bacterium_LX87",12.0,9
"s__Isosphaera_sp.",6.0,5
"s__Singulisphaera_sp._Io3-4",5.0,5
"s__Pirellula_sp.",5.0,4
"s__Pirellula_staleyi",9.0,8
"s__Alphaproteobacteria_bacterium_Ga0077535",7.0,7
"s__alpha_proteobacterium_A0839",12.0,7
"s__alpha_proteobacterium_F06021",4.0,4
"s__alpha_proteobacterium_PWB3",3.0,3
"s__alpha_proteobacterium_R-36935",3.0,3
"s__alpha_proteobacterium_Shinshu-ah2",5.0,5
"s__alpha_proteobacterium_YIM_690229",3.0,3
"s__Micavibrio_aeruginosavorus",3.0,3
"s__Brevundimonas_sp._221Cu",7.0,6
"s__Caulobacter_sp._THG-DN8.6",3.0,3
"s__Kordiimonas_sp._N39",4.0,4
"s__Rhizobiales_bacterium_JR021-2",10.0,6
"s__Rhizobiales_bacterium_WWH35",17.0,6
"s__Aureimonas_altamirensis",8.0,6
"s__Aureimonas_rubiginis",3.0,3
"s__Aureimonas_sp._Leaf427",3.0,3
"s__Beijerinckia_indica",4.0,4
"s__Chelatococcus_asaccharovorans",3.0,3
"s__Bradyrhizobium_sp._Shinshu-th2",9.0,7
"s__Devosia_sp._Bzb6",6.0,6
"s__Rhodoplanes_sp._enrichment_culture_clone_ANA-RAS-62",4.0,4
"s__Amorphus_coralli",6.0,6
"s__Amaricoccus_kaplicensis",3.0,3
"s__Boseongicola_aestuarii",3.0,3
"s__Rhodovulum_sulfidophilum",5.0,5
"s__Candidatus_Riegeria_galatelae",10.0,8
"s__Craurococcus_roseus",11.0,3
"s__Azospirillum_canadense",8.0,8
"s__Constrictibacter_antarcticus",9.0,9
"s__Defluviicoccus_vanus",10.0,3
"s__Dongia_sp._GR1-03",12.0,8
"s__Erythrobacter_sp._SDT1S40",3.0,3
"s__Porphyrobacter_mercurialis",14.0,11
"s__Novosphingobium_sp._16-28-2",3.0,3
"s__Novosphingobium_sp._BJC21-D12",3.0,3
"s__Sphingomonas_sp._A09j",10.0,8
"s__Sphingomonas_sp._NC109",3.0,3
"s__Sphingomonas_sp._SH",3.0,3
"s__Sphingopyxis_sp._TPD13",3.0,3
"s__beta_proteobacterium_symbiont_of_Nautilus_macromphalus",4.0,3
"s__ultramicrobacterium_str._Um1",6.0,6
"s__Derxia_lacustris",3.0,3
"s__Burkholderia_sp._IMCC12732",9.0,7
"s__Paraburkholderia_tropica",9.0,8
"s__Ralstonia_solanacearum",7.0,7
"s__Comamonas_aquatica",12.0,9
"s__Comamonas_kerstersii",4.0,4
"s__Comamonas_nitrativorans",3.0,3
"s__Comamonas_sp._RPWA5.3",9.0,6
"s__Comamonas_terrigena",6.0,5
"s__Variovorax_sp._P-34",3.0,3
"s__Massilia_sp._OS123",3.0,3
"s__Chitinibacter_suncheonensis",3.0,3
"s__Nitrosomonas_eutropha",3.0,3
"s__Azonexus_sp._HME6654",3.0,3
"s__Myxobacteria_bacterium_UTMC_4097",12.0,10
"s__myxobacterium_AT3-01",9.0,8
"s__Anaeromyxobacter_dehalogenans",14.0,12
"s__Melittangium_boletus",3.0,3
"s__Chondromyces_apiculatus",3.0,3
"s__Jahnella_thaxteri",5.0,5
"s__Wohlfahrtiimonas_chitiniclastica",5.0,5
"s__Idiomarina_sp._11",3.0,3
"s__Enterobacter_sp._M6",55.0,9
"s__Kluyvera_georgiana",9.0,6
"s__Xenorhabdus_sp._MY5",8.0,6
"s__Coxiella_endosymbiont_of_Ornithodoros_marocanus",3.0,3
"s__Rickettsiella_grylli",8.0,5
"s__Legionella_sp._D4522",5.0,4
"s__Acinetobacter_junii",9.0,5
"s__Acinetobacter_radioresistens",3.0,3
"s__Pseudomonas_hunanensis",3.0,3
"s__Arenimonas_maotaiensis",6.0,6
"s__Lysobacter_panacisoli",10.0,9
"s__Rehaibacterium_terrae",3.0,3
"s__Xanthomonas_sp._B17.2",3.0,3
"s__Opitutus_sp._NVT1",3.0,3
"s__Opitutus_sp._VeCb1",8.0,6
"s__Prosthecobacter_fluviatilis",3.0,3
"s__Psammodictyon_panduriforme",3.0,3
"s__Didymosphenia_geminata",4.0,4
"s__Haslea_pseudostrearia",3.0,3
"s__Nannochloropsis_gaditana",3.0,3
"s__Basidioascus_undulatus",6.0,6
"s__Brassicogethes_aeneus",5.0,5
"s__Araucaria_cunninghamii",8.0,6
"s__Phegopteris_hexagonoptera",3.0,3
"s__Metzgeria_conjugata",3.0,3
"s__Klebsormidium_flaccidum",7.0,3
"s__Pandanus_utilis",3.0,3
"s__Diapherotrites_archaeon_SCGC_AAA011-N19",315.0,2
"s__Thaumarchaeota_archaeon_MY3",64.0,11
"s__Candidatus_Nitrososphaera_sp._THUAOA",13.0,7
"s__Parcubacteria_group_bacterium_GW2011_GWE2_42_14",5.0,5
"s__bacterium_BW3PhG32",2.0,2
"s__bacterium_Ellin6543",14.0,5
"s__bacterium_UWNR1",3.0,3
"s__bacterium_YC-ZSS-LKJ147",5.0,5
"s__bacterium_YC-ZSS-LKJ159",3.0,3
"s__bacterium_enrichment_culture_clone_Anammox_34",5.0,5
"s__bacterium_enrichment_culture_clone_BznS295",2.0,2
"s__uncultivated_soil_bacterium_clone_S027",7.0,5
"s__uncultivated_soil_bacterium_clone_S125",5.0,3
"s__Acidobacteria_bacterium_LP6",2.0,2
"s__Acidobacteria_bacterium_LX3",14.0,11
"s__Acidobacteria_bacterium_WWH4",9.0,8
"s__Acidobacteria_bacterium_WX184",6.0,5
"s__Acidobacteria_bacterium_WY67",2.0,2
"s__Vicinamibacter_silvestris",6.0,5
"s__bacterium_Ellin6075",2.0,2
"s__Acidimicrobiia_bacterium_BACL6_MAG-120322-bin79",11.0,8
"s__Acidimicrobium_ferrooxidans",5.0,4
"s__Iamia_majanohamensis",5.0,5
"s__Catenulispora_acidiphila",7.0,5
"s__Mycobacterium_sp._739",12.0,8
"s__Nocardia_sp._BMG51109",12.0,7
"s__Rhodococcus_sp._A2-608",4.0,3
"s__Sporichthya_polymorpha",7.0,5
"s__Aquipuribacter_nitratireducens",2.0,2
"s__Lapillicoccus_jejuensis",2.0,2
"s__Leifsonia_rubra",2.0,2
"s__Arthrobacter_sp._W-3",12.0,8
"s__Sanguibacter_keddieii",2.0,2
"s__Sanguibacter_sp._enrichment_culture_clone_VanCtr9",2.0,2
"s__Actinoplanes_sp._HBUM_171148",9.0,8
"s__Virgisporangium_aurantiacum",3.0,2
"s__Nocardioides_dilutus",4.0,4
"s__Nocardioides_insulae",8.0,6
"s__Nocardioides_sp._0714C4-3",5.0,5
"s__Nocardioides_sp._Awa5",2.0,2
"s__Nocardioides_sp._KV-833",7.0,7
"s__Nocardioides_sp._LNNU_3343",5.0,5
"s__Microlunatus_phosphovorus",4.0,4
"s__Actinomycetospora_rhizophila",2.0,2
"s__Actinomycetospora_sp._SBT_374",2.0,2
"s__Actinorectispora_indica",4.0,4
"s__Pseudonocardia_sp._IFP_2050",2.0,2
"s__Pseudonocardia_sp._L1A06A",7.0,5
"s__Pseudonocardia_sp._PMmon9",2.0,2
"s__Pseudonocardia_sp._YIM_68245",2.0,2
"s__Pseudonocardia_xinjiangensis",2.0,2
"s__Saccharothrix_sp._TD-093",2.0,2
"s__Streptomyces_sp._MTCC_8377",13.0,8
"s__Rubrobacter_aplysinae",4.0,2
"s__Parviterribacter_kavangonensis",4.0,3
"s__Solirubrobacter_sp._URHD0082",2.0,2
"s__Bacteroidetes_bacterium_KJY",4.0,4
"s__Bacteroidetes_bacterium_ONB11",2.0,2
"s__Bacteroidetes_bacterium_OS-21A",2.0,2
"s__Chitinophagaceae_bacterium_PMP191F",7.0,6
"s__Chitinophaga_sp._MJM_38",8.0,8
"s__Ferruginibacter_paludis",4.0,3
"s__Flavisolibacter_ginsengisoli",5.0,5
"s__Flavisolibacter_rigui",2.0,2
"s__Flavisolibacter_sp._LCS9",9.0,6
"s__Fibrella_aestuarina",2.0,2
"s__Spirosoma_arcticum",12.0,3
"s__Spirosoma_linguale",2.0,2
"s__Spirosoma_rigui",3.0,3
"s__Spirosoma_sp._Arct_2-4",2.0,2
"s__Spirosoma_spitsbergense",5.0,5
"s__Adhaeribacter_sp._W1.09-109",2.0,2
"s__Pedobacter_sp._s03_R",2.0,2
"s__mixed_culture_isolate_koll6",2.0,2
"s__Estrella_lausannensis",12.0,11
"s__Parachlamydiaceae_bacterium_HS-T3",2.0,2
"s__Kouleothrix_aurantiaca",7.0,6
"s__Candidatus_Atelocyanobacterium_thalassa",3.0,2
"s__Chroococcus_sp._VP2-04c",2.0,2
"s__Gloeocapsa_sp._PCC_7428",6.0,2
"s__Anabaena_sp._CA_=_ATCC_33047",2.0,2
"s__Nostoc_sp._TLPVC9",2.0,2
"s__Macrochaete_psychrophila",2.0,2
"s__Macrochaete_santannae",2.0,2
"s__Hassallia_sp._UB1-KK1",5.0,2
"s__Coleofasciculus_chthonoplastes",6.0,2
"s__Wilmottia_murrayi",2.0,2
"s__Cyanothece_sp._PCC_7822",2.0,2
"s__Pseudophormidium_sp._WJT25-NPBG1",2.0,2
"s__Symplocastrum_torsivum",3.0,2
"s__Lyngbya_confervoides",2.0,2
"s__Oscillatoria_lutea",3.0,3
"s__Oscillatoria_sp._SAG_77.79",2.0,2
"s__Oscillatoria_tenuis",2.0,2
"s__Leptolyngbya_sp._FYG",2.0,2
"s__Alkalinema_pantanalense",3.0,2
"s__Schizothrix_sp._UAM_402",2.0,2
"s__Rhabdogloea_smithii",2.0,2
"s__Gemmatimonadetes_bacterium_LP81",7.0,5
"s__Gemmatimonadetes_bacterium_WWH24",13.0,8
"s__Gemmatimonadetes_bacterium_WWH5",5.0,5
"s__Gemmatimonas_sp._enrichment_culture_clone_AOCRB-EC-6",5.0,5
"s__Planctomycetia_bacterium_LP82",5.0,5
"s__Singulisphaera_sp._WX23",12.0,5
"s__Planctomycetaceae_bacterium_LX124",6.0,5
"s__planctomycete_DDD3G8",2.0,2
"s__Gemmata_sp._Io3-3",2.0,2
"s__alpha_proteobacterium_CRIB-04",5.0,5
"s__soil_bacterium_TWE165",3.0,2
"s__Caulobacter_sp._JM6(2011)",2.0,2
"s__Phenylobacterium_sp._DLS-83",2.0,2
"s__Phenylobacterium_sp._Root1290",4.0,4
"s__Amphiplicatus_metriothermophilus",5.0,5
"s__Rhizobiales_bacterium_MORI20",2.0,2
"s__Rhizobiales_bacterium_YIM_77505",16.0,7
"s__Bradyrhizobium_sp._SUT-R3",3.0,3
"s__Rhodopseudomonas_palustris",2.0,2
"s__Mycoplana_ramosa",5.0,5
"s__Ochrobactrum_pseudogrignonense",2.0,2
"s__Blastochloris_viridis",3.0,3
"s__Devosia_sp._PDD-23b-7",6.0,6
"s__Methylobacterium_adhaesivum",3.0,2
"s__Methylobacterium_brachythecii",2.0,2
"s__Methylobacterium_sp._Ellin168",2.0,2
"s__Methylopila_sp._73B",2.0,2
"s__Chelativorans_intermedius",3.0,2
"s__Labrenzia_marina",2.0,2
"s__Rubellimicrobium_aerolatum",4.0,2
"s__Rubellimicrobium_mesophilum",3.0,3
"s__Craurococcus_sp._HM28-1",11.0,2
"s__Paracraurococcus_ruber",2.0,2
"s__Paracraurococcus_sp._1PNM-27",2.0,2
"s__Roseomonas_sp._BZ31r",2.0,2
"s__Roseomonas_sp._L1B40",7.0,3
"s__Roseomonas_sp._S10(2011)",2.0,2
"s__Novosphingobium_naphthalenivorans",2.0,2
"s__Novosphingobium_pentaromativorans",3.0,2
"s__Sphingobium_sp._TKS",5.0,4
"s__Sphingomonas_sp._ID1715",3.0,2
"s__Sphingomonas_sp._SAFR-042",5.0,2
"s__Sphingomonas_sp._URHD0057",7.0,5
"s__Sphingomonas_sp._Y1",7.0,5
"s__Sphingomonas_sp._YJ09",5.0,5
"s__Candidatus_Vidania_fulgoroideae",16.0,3
"s__Burkholderiales_bacterium_Beta_02",9.0,9
"s__Burkholderiales_bacterium_X4",6.0,5
"s__Leptothrix_sp._B2",2.0,2
"s__Lautropia_mirabilis",2.0,2
"s__delta_proteobacterium_WY32",4.0,4
"s__Sorangiineae_bacterium_HB-1",2.0,2
"s__Kofleria_flava",3.0,3
"s__Aggregicoccus_edonensis",5.0,5
"s__Cardiobacterium_valvarum",3.0,3
"s__Rubricoccus_marinus",2.0,2
"s__Verrucomicrobia_bacterium_LX191",8.0,6
"s__uncultivated_soil_bacterium_clone_C019",10.0,8
"s__Verrucomicrobiaceae_bacterium_CHC12",2.0,2
"s__Thaumatomonadida_environmental_sample",6.0,6
"s__Angulamoeba_fungorum",4.0,4
"s__Rhogostoma_schuessleri",6.0,5
"s__Saccamoeba_sp._MSED6",12.0,8
"s__Reophax_sp._JP-2008",5.0,4
"s__Rotaliida_sp._2_RM-2014",2.0,2
"s__Thaumatomastigidae_environmental_sample",15.0,8
"s__Spumella_sp._GOT220",2.0,2
"s__Ilsiella_palustris",2.0,2
"s__Goniomonas_sp._SH-9",3.0,2
"s__Oxyrrhis_marina",2.0,2
"s__Sorodiplophrys_stercorea",2.0,2
"s__Cryptosporidium_sp._kn732",3.0,2
"s__Cymbopleura_inaequalis",5.0,5
"s__Berkeleya_fennica",2.0,2
"s__Petalomonas_cantuscygni",3.0,3
"s__Nannochloropsis_oceanica",2.0,2
"s__Capronia_semi-immersa",3.0,2
"s__Phialophora_verrucosa",9.0,8
"s__Knufia_perforans",2.0,2
"s__Coccidioides_immitis",4.0,2
"s__Toninia_sedifolia",4.0,2
"s__Gyalolechia_flavorubescens",7.0,2
"s__Heppia_conchiloba",2.0,2
"s__Ascobolus_crenulatus",3.0,2
"s__Candida_savonica",10.0,7
"s__Descolea_maculata",2.0,2
"s__Infundibulicybe_gibba",2.0,2
"s__Rhizoctonia_solani",12.0,8
"s__Fomitiporia_mediterranea",12.0,8
"s__Malassezia_sympodialis",2.0,2
"s__Holtermanniella_nyarrowii",2.0,2
"s__Coelomomyces_lativittatus",6.0,5
"s__Rozella_allomycis",2.0,2
"s__Orpinomyces_sp._C1A",28.0,8
"s__Liochthonius_sp._AD1300",11.0,5
"s__Sminthuridae_environmental_sample",3.0,2
"s__Culicoides_variipennis",4.0,3
"s__Belgica_antarctica",2.0,2
"s__Bothriocera_eborea",4.0,3
"s__Oliarus_slossonae",5.0,3
"s__Bladina_sp._JMU-2006",2.0,2
"s__Xenophysella_greensladeae",5.0,3
"s__Rhabdolaimus_aquaticus",2.0,2
"s__Globodera_pallida",10.0,10
"s__Chlorosarcina_brevispinosa",2.0,2
"s__Chromochloris_zofingiensis",16.0,3
"s__Myrmecia_israelensis",3.0,2
"s__Chlorella_pyrenoidosa",3.0,2
"s__Stichococcus_bacillaris",2.0,2
"s__Stichococcus_sp._KMMCC_881",9.0,3
"s__Celastraceae_environmental_sample",7.0,2
"s__Selaginella_moellendorffii",37.0,5
"s__Bartramia_environmental_sample",2.0,2
"s__Coleochaete_orbicularis",26.0,8
"s__Aegilops_tauschii",55.0,8
"s__bacterium_Ellin6537",21.0,7
"s__bacterium_RRP3-6",3.0,3
"s__bacterium_UNSW7",3.0,3
"s__bacterium_YC-ZSS-LKJ199",9.0,6
"s__bacterium_YC-ZSS-LKJ66",3.0,3
"s__iron-reducing_bacterium_enrichment_culture_clone_HN67",5.0,5
"s__magneto-ovoid_bacterium_MO-1",3.0,3
"s__Acidobacteria_bacterium_N3B",6.0,6
"s__Acidobacteria_bacterium_WX27",4.0,4
"s__Acidobacteria_bacterium_KBS_5",3.0,3
"s__actinobacterium_K4-07A",3.0,3
"s__bacterium_Ellin334",8.0,7
"s__Mycobacterium_intracellulare",15.0,7
"s__Blastococcus_sp._1P08PB",3.0,3
"s__Microbacterium_ginsengiterrae",3.0,3
"s__Actinoplanes_utahensis",7.0,6
"s__Micromonospora_sp._NS094",3.0,3
"s__Kribbella_sp._GTVB23",4.0,3
"s__Tenggerimyces_flavus",3.0,3
"s__Labedaea_rhizosphaerae",3.0,3
"s__Coriobacteriales_bacterium_DNF00809",5.0,5
"s__filamentous_bacterium_Plant1_Iso8",10.0,6
"s__'Chitinophaga_terrae'_An_et_al._2007",3.0,3
"s__Chitinophaga_sp._BHS5",3.0,3
"s__Chitinophaga_sp._BS20",3.0,3
"s__Filimonas_sp._R5-375",10.0,4
"s__Niabella_sp._THG-DN5.5",3.0,3
"s__Sediminibacterium_sp._XWS-42",3.0,3
"s__Dyadobacter_sp._SSL13",5.0,4
"s__Leadbetterella_byssophila",5.0,5
"s__Hymenobacter_sp._KBP-30",3.0,3
"s__Hymenobacter_sp._NBRC_101361",3.0,3
"s__Flavobacteriaceae_bacterium_SAP834.2",3.0,3
"s__Flavobacterium_daemonense",3.0,3
"s__Flavobacterium_sp._Eza11",4.0,4
"s__Flavobacterium_sp._JS2(2011)",3.0,3
"s__Flavobacterium_sp._sptzw12",3.0,3
"s__Leeuwenhoekiella_sp._N51(2010)",3.0,3
"s__Myroides_profundi",3.0,3
"s__Pedobacter_sp._BAL39",4.0,4
"s__Sphingobacterium_sp._JAS3",5.0,3
"s__Chlamydiae_bacterium_Ga0074140",9.0,9
"s__Candidatus_Rubidus_massiliensis",4.0,4
"s__Candidatus_Metachlamydia_lacustris",7.0,7
"s__bacterium_SOSP1-9",3.0,3
"s__Symphyonema_sp._1269-1",3.0,3
"s__Saccharibacillus_kuerlensis",7.0,4
"s__Singulisphaera_sp._WX121",7.0,5
"s__Gemmata_sp._28IL",4.0,4
"s__Gemmata_sp._SH-PL17",3.0,3
"s__Planctomyces_sp.",15.0,7
"s__alpha_proteobacterium_P-20",9.0,9
"s__bacterium_Ellin361",6.0,6
"s__Asticcacaulis_sp._AC466",8.0,6
"s__Nordella_oligomobilis",5.0,5
"s__Devosia_chinhatensis",3.0,3
"s__Agrobacterium_albertimagni",3.0,3
"s__Candidatus_Liberibacter_americanus",3.0,3
"s__Albimonas_donghaensis",3.0,3
"s__Methylarcula_sp._BIO-13",3.0,3
"s__Pseudoroseicyclus_aestuarii",3.0,3
"s__Rhodobacter_sp._enrichment_culture_clone_AOCRB-EC-1",3.0,3
"s__Acetobacteraceae_bacterium_WX59",15.0,10
"s__Rhodospirillaceae_bacterium_BRH_c57",3.0,3
"s__Rickettsia_endosymbiont_of_Bemisia_tabaci",3.0,3
"s__Sphingomonas_guangdongensis",6.0,6
"s__Sphingomonas_sp.",3.0,3
"s__beta_proteobacterium_HIBAF013",3.0,3
"s__beta_proteobacterium_JGI_0001003-N18",32.0,9
"s__beta_proteobacterium_SCGC_AAA024-K11",3.0,3
"s__Rhizobacter_profundi",3.0,3
"s__Thiobacter_sp._enrichment_culture_clone_35Fe79",53.0,9
"s__Comamonas_sp._MPI12",5.0,5
"s__Comamonas_sp._XJ-L79",4.0,3
"s__Dechloromonas_sp._UWNR2",7.0,5
"s__Melittangium_lichenicola",10.0,4
"s__Cardiobacterium_sp._canine_oral_taxon_238",3.0,3
"s__Enterobacter_hormaechei",3.0,3
"s__Enterobacter_sp._CKCr-8",3.0,3
"s__Kluyvera_ascorbata",4.0,4
"s__Xenorhabdus_stockiae",3.0,3
"s__Dickeya_dianthicola",4.0,3
"s__Yersinia_enterocolitica",3.0,3
"s__Coxiellaceae_bacterium_CI01",4.0,4
"s__Fontimonas_thermophila",3.0,3
"s__Acinetobacter_calcoaceticus",3.0,3
"s__Acinetobacter_johnsonii",3.0,3
"s__Acinetobacter_sp._NIPH_1847",4.0,3
"s__Pseudomonas_syringae",7.0,7
"s__Dokdonella_sp._TMN-36",3.0,3
"s__Tahibacter_aquaticus",3.0,3
"s__Xanthomonas_sp._Mitacek01",3.0,3
"s__Xanthomonas_translucens",3.0,3
"s__Opitutaceae_bacterium_TSB47",4.0,4
"s__Cordyceps_cicadae",3.0,3
"s__Saussurea_involucrata",3.0,3
"s__Chlorokybus_atmophyticus",3.0,3
"s__Chaetosphaeridium_globosum",6.0,5
"s__Pellia_epiphylla",3.0,3
"s__Candidatus_Nitrososphaera_gargensis",6.0,6
"s__Parcubacteria_group_bacterium_GW2011_GWA1_48_11b",5.0,3
"s__Pasture_soil_clone_HPS-64",3.0,3
"s__agricultural_soil_bacterium_SC-I-11",7.0,6
"s__bacterium_Ellin6504",11.0,6
"s__bacterium_Ellin6517",12.0,6
"s__bacterium_Ellin7529",7.0,6
"s__bacterium_Ellin7530",3.0,3
"s__bacterium_TG124",3.0,3
"s__bacterium_TG160",3.0,3
"s__bacterium_enrichment_culture_clone_R4-32B",4.0,4
"s__bacterium_enrichment_culture_clone_SBIb7",3.0,3
"s__bacterium_enrichment_culture_clone_auto84_4W",10.0,4
"s__bacterium_enrichment_culture_clone_auto9_4W",14.0,7
"s__bacterium_enrichment_culture_clone_heteroC52_4W",3.0,3
"s__endophytic_bacterium_CTC3",3.0,3
"s__iron-reducing_bacterium_enrichment_culture_clone_HN122",3.0,3
"s__poultry_manure_bacterium_MUC7",3.0,3
"s__Vampirovibrio_chlorellavorus",3.0,3
"s__Vermiphilus_pyriformis",3.0,3
"s__Acidobacteria_bacterium_IGE-016",5.0,5
"s__Acidobacteria_bacterium_WWH111",7.0,6
"s__Acidobacteria_bacterium_WWH8",7.0,6
"s__Terriglobus_albidus",6.0,6
"s__Candidatus_Solibacter_usitatus",4.0,3
"s__Actinobacteria_bacterium_IMCC26256",9.0,6
"s__actinobacterium_CH9",3.0,3
"s__actinobacterium_WWH12",6.0,5
"s__actinobacterium_YJF2-33",6.0,5
"s__Corynebacterium_halotolerans",3.0,3
"s__Corynebacterium_sp._ATCC_43833",4.0,3
"s__Mycobacterium_abscessus",5.0,5
"s__Mycobacterium_sp._IIPS5",7.0,6
"s__Mycobacterium_sp._MUSC263T",3.0,3
"s__Mycobacterium_sp._SCR15",3.0,3
"s__Smaragdicoccus_niigatensis",7.0,6
"s__Brachybacterium_phenoliresistens",4.0,3
"s__Kocuria_sp._SA15",4.0,4
"s__Paenarthrobacter_ureafaciens",4.0,3
"s__Actinoplanes_durhamensis",3.0,3
"s__Actinoplanes_sp._IR56-Co102",4.0,3
"s__Actinoplanes_sp._TFC3",9.0,6
"s__Catellatospora_methionotrophica",3.0,3
"s__Phytomonospora_endophytica",29.0,6
"s__Kribbella_koreensis",3.0,3
"s__Kribbella_sp._enrichment_culture_clone_VanCtr42",6.0,6
"s__Marmoricola_sp._CNJ780_PL04",3.0,3
"s__Nocardioides_agariphilus",3.0,3
"s__Nocardioides_hungaricus",3.0,3
"s__Nocardioides_terrae",3.0,3
"s__Amycolatopsis_mediterranei",4.0,3
"s__Amycolatopsis_sp._2-15",5.0,5
"s__Amycolatopsis_sp._GY125",3.0,3
"s__Amycolatopsis_ultiminotia",3.0,3
"s__Kibdelosporangium_lantanae",3.0,3
"s__Saccharopolyspora_phatthalungensis",6.0,6
"s__Sciscionella_sp._SE31",9.0,5
"s__Streptomycetaceae_bacterium_NPS-12745",3.0,3
"s__Kitasatospora_sp._MBT66",3.0,3
"s__Parastreptomyces_abscessus",10.0,6
"s__Streptomyces_caeruleatus",11.0,6
"s__Streptomyces_cinnabarinus",4.0,3
"s__Streptomyces_sp._B66",3.0,3
"s__Streptomyces_turgidiscabies",16.0,6
"s__Streptomyces_viridocyaneus",7.0,6
"s__Thermobifida_alba",4.0,3
"s__Microbispora_sp._SR4-37",3.0,3
"s__Nonomuraea_sp._SBT364",3.0,3
"s__Sphaerisporangium_sp._NEAU-GQTH1-3",3.0,3
"s__Thermopolyspora_sp._Gyg-3",3.0,3
"s__Thermomonospora_chromogena",3.0,3
"s__bacterium_Ellin5259",3.0,3
"s__bacterium_Ellin6048",3.0,3
"s__Armatimonadetes_bacterium_JGI_0000077-K19",6.0,5
"s__Chthonomonas_calidirosea",6.0,6
"s__Chitinophagaceae_bacterium_lam-3",3.0,3
"s__Chitinophaga_japonensis",4.0,4
"s__Chitinophaga_sp._ADMK16",6.0,6
"s__Chitinophaga_sp._O9",3.0,3
"s__Niastella_yeongjuensis",3.0,3
"s__Cyclobacterium_sp._20054",3.0,3
"s__Larkinella_arboricola",5.0,5
"s__Larkinella_insperata",6.0,6
"s__Rhodocytophaga_aerolata",3.0,3
"s__Hymenobacter_monticola",5.0,5
"s__Flavobacterium-like_sp._oral_clone_AZ105",4.0,4
"s__Parcubacteria_bacterium_SCGC_AAA011-A08",3.0,3
"s__Candidatus_Rokubacteria_bacterium_CSP1-6",20.0,6
"s__Candidatus_Uhrbacteria_bacterium_GW2011_GWA2_53_10",3.0,3
"s__Candidatus_Wolfebacteria_bacterium_GW2011_GWC1_37_10",3.0,3
"s__Candidatus_Protochlamydia_sp._R18",5.0,5
"s__Waddlia_chondrophila",3.0,3
"s__Chloroflexi_bacterium_JEA33",4.0,3
"s__Chloroflexi_bacterium_enrichment_culture_clone_AP-FeEnrich7",3.0,3
"s__Bacillus_cereus",5.0,3
"s__Bacillus_megaterium",7.0,6
"s__Cohnella_fontinalis",6.0,6
"s__bacterium_Ellin6059",3.0,3
"s__Gemmata_obscuriglobus",3.0,3
"s__alpha_proteobacterium_Gsoil_257",5.0,5
"s__alpha_proteobacterium_LS7-MT",3.0,3
"s__Bradyrhizobium_ferriligni",4.0,4
"s__Bradyrhizobium_sp._AM45",10.0,6
"s__Bradyrhizobium_sp._Ls82",3.0,3
"s__Bradyrhizobium_sp._Z0-YC6837",3.0,3
"s__Nitrobacter_winogradskyi",6.0,6
"s__Hyphomicrobiaceae_bacterium_LX49",3.0,3
"s__Devosia_albogilva",3.0,3
"s__Rhizomicrobium_sp._SCGC_AG-212-E05",35.0,6
"s__Methylobacterium_komagatae",5.0,5
"s__Methylobacterium_sp._RS",4.0,4
"s__Microvirga_sp._mixed_culture_X21-60",6.0,6
"s__Mesorhizobium_sp._LNJC372A00",3.0,3
"s__Agrobacterium_vitis",3.0,3
"s__Ensifer_sp._P-5",3.0,3
"s__Labrys_portucalensis",5.0,5
"s__Reyranella_massiliensis",12.0,6
"s__Acetobacteraceae_bacterium_PN-29",3.0,3
"s__Granulibacter_bethesdensis",8.0,6
"s__Roseomonas_sp._A2",3.0,3
"s__Roseomonas_sp._S2-87",3.0,3
"s__Candidatus_Hepatincola_porcellionum",3.0,3
"s__Erythrobacter_sp._DHXJ15",3.0,3
"s__Novosphingobium_panipatense",6.0,6
"s__Novosphingobium_sp._AH-E",3.0,3
"s__Sphingomonas_sp._BXN7-9",3.0,3
"s__Sphingomonas_sp._JGI_0001003-H15",3.0,3
"s__Sphingomonas_sp._SY-17",3.0,3
"s__Sphingomonas_sp._WX24",3.0,3
"s__Sphingosinicella_cucumeris",4.0,3
"s__Betaproteobacteria_bacterium_UKL13-2",3.0,3
"s__beta_proteobacterium_LWH83",3.0,3
"s__beta_proteobacterium_Nit1",3.0,3
"s__Burkholderia_plantarii",5.0,3
"s__Cupriavidus_necator",3.0,3
"s__Methylobacillus_sp._MM2",3.0,3
"s__Pseudogulbenkiania_sp._KJ008",3.0,3
"s__Desulfovibrio_sp._DMSS-1",3.0,3
"s__Pelobacter_propionicus",7.0,3
"s__Geobacter_soli",3.0,3
"s__Geobacter_sp._AOG3",10.0,4
"s__Sorangiineae_bacterium_706",7.0,6
"s__myxobacterium_KC",6.0,6
"s__Chondromyces_crocatus",9.0,6
"s__Syntrophobacter_fumaroxidans",4.0,3
"s__Syntrophobacter_sp.",4.0,3
"s__Dichelobacter_nodosus",8.0,8
"s__Aquicella_sp._LY80",3.0,3
"s__Legionella_geestiana",3.0,3
"s__Pseudomonas_sp._VT1B",6.0,6
"s__Beggiatoa_sp._MS-81-6",3.0,3
"s__Dokdonella_fugitiva",7.0,6
"s__Xanthomonadaceae_bacterium_JGI_0001002-F18",11.0,6
"s__Mycoplasmataceae_bacterium_RC_NB112A",4.0,3
"s__bacterium_Ellin509",12.0,6
"s__Verrucomicrobiae_bacterium_pACH90",8.0,6
"s__Cercozoa_sp._B128",6.0,6
"s__Andalucia_godoyi",4.0,3
"s__Copromyxa_sp._PKD_2011",6.0,6
"s__Pyxidicula_operculata",3.0,3
"s__Telaepolella_tubasferens",3.0,3
"s__Filamoeba_sp._COHH_101",4.0,3
"s__Nuclearia_thermophila",3.0,3
"s__Korotnevella_stella",3.0,3
"s__Plasmodiophora_brassicae",3.0,3
"s__Spongospora_sp._HH-2014",9.0,5
"s__Spongospora_subterranea",8.0,5
"s__Pseudodifflugia_cf._gracilis",4.0,3
"s__Vannella_simplex",3.0,3
"s__Cryptodifflugia_operculata",21.0,6
"s__Physochila_griseola",7.0,6
"s__Metopion_fluens",12.0,6
"s__Euglypha_rotunda",6.0,6
"s__Sandona_mutans",4.0,3
"s__Emiliania_huxleyi",4.0,3
"s__Bodo_celer",3.0,3
"s__Protophysarum_sp._PV64",3.0,3
"s__Dinophyta_sp._HG151",3.0,3
"s__Vahlkampfia_inornata",4.0,3
"s__Enchelyodon_sp.",3.0,3
"s__Leptopharynx_costatus",6.0,6
"s__Dexiotricha_sp._1_FG-2013",3.0,3
"s__Orchitophryidae_environmental_sample",3.0,3
"s__Pythium_ultimum",10.0,6
"s__Aquastella_acicularis",3.0,3
"s__Ochromonadaceae_environmental_sample",12.0,6
"s__Asteromphalus_sp._TN-2014",3.0,3
"s__Colponema_edaphicum",3.0,3
"s__fungal_sp.",4.0,3
"s__Leptosphaeria_biglobosa",27.0,6
"s__Leptosphaeria_maculans",16.0,6
"s__Phaeosphaeria_eustoma",3.0,3
"s__Pseudogymnoascus_pannorum",5.0,3
"s__Glarea_lozoyensis",7.0,5
"s__Coniochaetales_sp._GMG_C4",15.0,6
"s__Pseudocolus_fusiformis",3.0,3
"s__Filobasidium_globisporum",3.0,3
"s__Cryptococcus_gattii_VGI",3.0,3
"s__Spizellomycetales_sp._JEL355",3.0,3
"s__Glomeromycota_sp._8536",3.0,3
"s__Glomeromycota_sp._AI98b-4",3.0,3
"s__Glomus_mycorrhizal_symbiont_of_Marchantia_foliacea",9.0,6
"s__Rhizophagus_irregularis",7.0,5
"s__invertebrate_environmental_sample",6.0,5
"s__Enchytraeus_albidus",12.0,6
"s__Phrynidae_environmental_sample",6.0,6
"s__Brachychthoniidae_gen._sp._3_AD1301",6.0,3
"s__Tectocepheus_sarekensis",3.0,3
"s__Paralamyctes_environmental_sample",13.0,6
"s__Proasellus_slavus",5.0,3
"s__Paranthura_nigropunctata",4.0,3
"s__Exosphaeroma_sp._RW99.143",8.0,3
"s__Scutuloidea_maculata",3.0,3
"s__Limulidae_environmental_sample",15.0,6
"s__Eudistoma_gilboviride",3.0,3
"s__Hydra_vulgaris",3.0,3
"s__Promachocrinus_kerguelensis",3.0,3
"s__Cephalobus_cubaensis",3.0,3
"s__Strongyloides_stercoralis",3.0,3
"s__Aphelenchoides_sp._K1_WY-2008",3.0,3
"s__Belonolaimus_longicaudatus",4.0,3
"s__Xiphinema_parasimile",3.0,3
"s__Macrostomum_lignano",6.0,6
"s__Panax_ginseng",6.0,6
"s__Pityopus_californicus",10.0,6
"s__Camellia_sinensis",3.0,3
"s__Phaseoleae_environmental_sample",69.0,6
"s__Ammopiptanthus_mongolicus",16.0,6
"s__Arachis_duranensis",4.0,3
"s__Arachis_ipaensis",11.0,6
"s__Lotus_japonicus",7.0,3
"s__Phaseolus_vulgaris",3.0,3
"s__Quercus_robur",4.0,3
"s__Boulardia_latisquama",3.0,3
"s__Penstemon_centranthifolius",3.0,3
"s__Jatropha_curcas",3.0,3
"s__Populus_euphratica",15.0,6
"s__Capsicum_annuum",3.0,3
"s__Tofieldiaceae_environmental_sample",8.0,6
"s__Lolium_perenne",8.0,6
"s__Lolium_temulentum",20.0,6
"s__Penium_margaritaceum",3.0,3
"s__Cyclohexane_degrading_bacterium_enrichment_culture_clone_type_I",3.0,3
"s__agricultural_soil_bacterium_SC-I-84",5.0,3
"s__bacterium_EFC302",3.0,3
"s__bacterium_Ellin6515",3.0,3
"s__bacterium_Ellin7509",3.0,3
"s__bacterium_SIT7",3.0,3
"s__bacterium_enrichment_culture_clone_12631",3.0,3
"s__bacterium_enrichment_culture_clone_SRAO_22",4.0,4
"s__bacterium_enrichment_culture_clone_auto73_4W",10.0,7
"s__denitrifying_bacterium_enrichment_culture_clone_NOB_2_F8",3.0,3
"s__nitrifying_bacterium_enrichment_culture",3.0,3
"s__Acidobacteria_bacterium_WX25",3.0,3
"s__Candidatus_Koribacter_versatilis",7.0,4
"s__Candidatus_Microthrix_calida",3.0,3
"s__Catenulispora_fulva",5.0,3
"s__Mycobacterium_hassiacum",5.0,3
"s__Mycobacterium_septicum",3.0,3
"s__Mycobacterium_sp._GR-4483",3.0,3
"s__Nocardia_otitidiscaviarum",4.0,3
"s__Frankia_sp._Iso899",5.0,5
"s__Jiangella_gansuensis",3.0,3
"s__Bogoriella_caseilytica",3.0,3
"s__Georgenia_halophila",3.0,3
"s__Georgenia_sp._CC-AMFL-2",3.0,3
"s__Cellulomonas_sp._X-118",3.0,3
"s__Phycicoccus_endophyticus",3.0,3
"s__Diaminobutyricimonas_massiliensis",3.0,3
"s__Microbacterium_sp._MN2-1",3.0,3
"s__Microbacterium_testaceum",3.0,3
"s__Arthrobacter_sp._Hiyo1",4.0,3
"s__Pseudarthrobacter_oxydans",3.0,3
"s__Actinoplanes_palleronii",3.0,3
"s__Dactylosporangium_sp._WS-5",3.0,3
"s__Actinopolymorpha_singaporensis",3.0,3
"s__Marmoricola_bigeumensis",3.0,3
"s__Marmoricola_sp._UNPA182",3.0,3
"s__Nocardioides_sp._JGI_0001009-J09",3.0,3
"s__Nocardioides_sp._S23405",3.0,3
"s__Amycolatopsis_sp._R12-7",3.0,3
"s__Pseudonocardia_chloroethenivorans",3.0,3
"s__Saccharopolyspora_cavernae",3.0,3
"s__Kitasatospora_setae",3.0,3
"s__Streptacidiphilus_albus",4.0,3
"s__Streptomyces_acidiscabies",3.0,3
"s__Streptomyces_scabiei",7.0,3
"s__Streptomyces_sp._AW19M42",5.0,3
"s__Streptomyces_sp._I08A-00349",3.0,3
"s__Streptomyces_sp._TRM46207",3.0,3
"s__Streptomyces_stelliscabiei",3.0,3
"s__Bacteroidetes_oral_taxon_274",4.0,4
"s__Bifissio_spartinae",5.0,3
"s__Chitinophaga_rupis",5.0,3
"s__Chitinophaga_sp._BN130233",6.0,4
"s__Adhaeribacter_sp._KS35",3.0,3
"s__Adhaeribacter_terreus",3.0,3
"s__Flavobacterium_filum",3.0,3
"s__Flavobacterium_frigidarium",3.0,3
"s__Olivibacter_sp._XZL5",4.0,3
"s__Candidatus_Daviesbacteria_bacterium_GW2011_GWA2_42_7",3.0,3
"s__Omnitrophica_bacterium_SCGC_AAA257-O07",4.0,3
"s__Waddliaceae_bacterium_cvE65",3.0,3
"s__Roseiflexus_castenholzii",3.0,3
"s__bacterium_SOSP1-63",3.0,3
"s__Ktedonobacter_racemifer",3.0,3
"s__Paenibacillus_sp._BAB-4183",4.0,3
"s__Streptococcus_agalactiae",3.0,3
"s__Clostridium_moniliforme",3.0,3
"s__Clostridium_sp._B905-1",3.0,3
"s__Gemmatimonadaceae_bacterium_LWQ133",5.0,3
"s__Nitrospira_sp._OLB3",3.0,3
"s__Aquisphaera_giovannonii",5.0,4
"s__Singulisphaera_acidiphila",5.0,4
"s__Gemmata-like_str._JW11-2f5",3.0,3
"s__planctomycete_A-2",3.0,3
"s__Gemmata_sp._Io5-6",3.0,3
"s__bacterium_Ellin314",4.0,4
"s__bacterium_Ellin329",5.0,4
"s__bacterium_Ellin5086",4.0,4
"s__Geminicoccus_roseus",4.0,3
"s__Brevundimonas_aveniformis",3.0,3
"s__Caulobacter_sp._Root1472",3.0,3
"s__Bradyrhizobium_sp._VUPME26",3.0,3
"s__Devosia_sp._R-43964",6.0,5
"s__Candidatus_Filomicrobium_marinum",3.0,3
"s__Hyphomicrobium_sp._SAF1",3.0,3
"s__Pedomicrobium_manganicum",3.0,3
"s__Pedomicrobium_sp._AN4-4",3.0,3
"s__Microvirga_sp._JC119",3.0,3
"s__Rhizobium_sp._Leaf341",3.0,3
"s__Rhodoligotrophos_jinshengii",3.0,3
"s__Rhodospirillales_bacterium_URHD0088",9.0,6
"s__Elioraea_tepidiphila",3.0,3
"s__Commensalibacter_sp._MX01",3.0,3
"s__Roseomonas_ludipueritiae",3.0,3
"s__Roseomonas_sp._S-NB-16",3.0,3
"s__Dongia_mobilis",3.0,3
"s__Rhodospirillum_rubrum",3.0,3
"s__Altererythrobacter_sp._R83-1",3.0,3
"s__Novosphingobium_rosa",4.0,4
"s__Sphingomonas_sp._BR5-22",5.0,4
"s__Sphingomonas_sp._BSL8",5.0,5
"s__Sphingomonas_sp._Cra17",3.0,3
"s__Sphingomonas_sp._ZY-3",4.0,3
"s__beta_proteobacterium_WF17",3.0,3
"s__Kinneretia_asaccharophila",5.0,3
"s__Variovorax_sp._P-9",3.0,3
"s__gamma_proteobacterium_DFTK16",3.0,3
"s__endosymbiont_of_Folsomia_candida",3.0,3
"s__Aquicella_siphonis",3.0,3
"s__Diplorickettsia_massiliensis",8.0,4
"s__Acinetobacter_baumannii",3.0,3
"s__Arenimonas_donghaensis",3.0,3
"s__Lysobacter_soli",3.0,3
"s__Lysobacter_ximonensis",3.0,3
"s__Pseudoxanthomonas_sp._CHNTR38",5.0,5
"s__Mesoplasma_lactucae",3.0,3
"s__endosymbiont_DhMRE_of_Dentiscutata_heterogama",8.0,4
"s__Opitutae_bacterium_SCGC_AG-212-L18",7.0,4
"s__Spartobacteria_bacterium_WX31",9.0,3
"s__Akkermansia_muciniphila",3.0,3
"s__bacterium_Ellin518",3.0,3
"s__Athalamea_environmental_sample",3.0,3
"s__Dimorpha-like_sp._ATCC_50522",3.0,3
"s__Tubulinea_group_04_sp._CAL7",4.0,3
"s__Blastocystis_sp._MKJ04-30",3.0,3
"s__Flamella_sp._WBT",3.0,3
"s__Ischnamoeba_sp._FN352",4.0,3
"s__Lecythium_terrestris",3.0,3
"s__Nudifila_producta",5.0,4
"s__Ptolemeba_noxubium",3.0,3
"s__Amoeba_proteus",3.0,3
"s__Amastigomonas_sp._IVY8c",4.0,3
"s__Apusomonas_proboscidea",3.0,3
"s__Glaeseria_mira",3.0,3
"s__Hartmannella_cantabrigiensis",4.0,3
"s__Saccamoeba_sp._DP7",6.0,3
"s__Nuclearia_sp._D1",3.0,3
"s__Polymyxa_graminis",3.0,3
"s__Vannella_miroides",3.0,3
"s__Cryptodifflugia_oviformis",9.0,3
"s__Nerada_mexicana",3.0,3
"s__Cercomonadida_environmental_sample",9.0,3
"s__Cercomonas_sp._ATCC_50316",3.0,3
"s__Cercomonas_sp._SmallSA",3.0,3
"s__Eocercomonas_sp._HFCC_909",4.0,3
"s__Monosiga_ovata",4.0,3
"s__Stephanoeca_arndti",3.0,3
"s__Paulinella_chromatophora",3.0,3
"s__Trachelocorythion_pulchellum",3.0,3
"s__Neobodo_designis",9.0,4
"s__Physarum_cinereum",3.0,3
"s__Protostelium_sp._4638",3.0,3
"s__Soliformovum_irregulare",3.0,3
"s__Vampyrellida_sp._KibAr",3.0,3
"s__Platyreta_germanica",5.0,3
"s__Microdiaphanosoma_arcuatum",3.0,3
"s__Kofoidinium_cf._pavillardii",4.0,3
"s__soil_amoeba_AND12",3.0,3
"s__Apotrachelocerca_arenicola",3.0,3
"s__Amphitrema_wrightianum",3.0,3
"s__Phaeodactylum_tricornutum",3.0,3
"s__Infundibulomyces_cupulata",3.0,3
"s__Orbimyces_spectabilis",3.0,3
"s__Mycosphaerella_linorum",3.0,3
"s__Helminthosporium_solani",3.0,3
"s__Ochroconis_constricta",3.0,3
"s__Fonsecaea_multimorphosa",5.0,3
"s__Diaporthales_sp._E6927e",3.0,3
"s__Acremonium_sp._KF098",3.0,3
"s__Reticulascus_tulasneorum",3.0,3
"s__Hebeloma_lutense",4.0,3
"s__Rogersella_griseliniae",3.0,3
"s__Ganoderma_boninense",3.0,3
"s__Allomyces_macrogynus",3.0,3
"s__Blastocladiella_emersonii",3.0,3
"s__Rhizophlyctis_rosea",3.0,3
"s__Glomeromycota_sp._MIB_8531",4.0,3
"s__Glomeromycota_sp._MIB_8870",3.0,3
"s__Cunninghamella_bertholletiae",3.0,3
"s__Redeckera_fulvum",3.0,3
"s__Glomus_sp._5014b24.Llao5",3.0,3
"s__Glomus_sp._W3347",3.0,3
"s__Eudrilus_eugeniae",10.0,3
"s__Drawida_sp._bl",3.0,3
"s__Decapauropus_infurcatus",3.0,3
"s__Limnochares_americana",3.0,3
"s__Penthaleus_minor",3.0,3
"s__Bryobia_praetiosa",3.0,3
"s__Dicyrtomina_saundersi",3.0,3
"s__Trionymus_perrisii",3.0,3
"s__Eosentomon_sp._FNSA-2002",34.0,3
"s__Neocondeellum_dolichotarsum",24.0,3
"s__Proturentomon_chinense",50.0,3
"s__Sinentomon_erythranum",3.0,3
"s__Oikopleura_dioica",7.0,3
"s__Cephalodasys_turbanelloides",3.0,3
"s__Achromadora_ruricola",4.0,4
"s__Prodesmodora_circulata",3.0,3
"s__Acrobeloides_maximus",3.0,3
"s__Alaimus_sp._PDL-2005",3.0,3
"s__Odontolaimus_sp._OdLaSp1",3.0,3
"s__Paratrichodorus_minor",4.0,3
"s__Chloromonas_perforata",3.0,3
"s__Trebouxiophyceae_sp._TP-2016a",3.0,3
"s__Dahlia_pinnata",8.0,3
"s__Tarenaya_hassleriana",3.0,3
"s__Caprifoliaceae_environmental_sample",4.0,3
"s__Nicotiana_tomentosiformis",3.0,3
"s__Bromus_tectorum",10.0,3
"s__Zea_mays",6.0,3
"s__agricultural_soil_bacterium_SC-I-71",2.0,1
"s__bacterium_E1-151",1.0,1
"s__bacterium_endosymbiont_of_Curculio_sp._2",7.0,5
"s__bacterium_endosymbiont_of_Osedax_mucofloris",1.0,1
"s__bacterium_enrichment_culture_clone_R4-48B",3.0,3
"s__denitrifying_bacterium_enrichment_culture_clone_NOB_2_F6",1.0,1
"s__iron-reducing_bacterium_enrichment_culture_clone_FEA_2_B5",2.0,2
"s__iron-reducing_bacterium_enrichment_culture_clone_FeC_1_E1",1.0,1
"s__Acidobacteriaceae_bacterium_C27",1.0,1
"s__Acidobacteriaceae_bacterium_KBS_96",10.0,4
"s__bacterium_Ellin323",1.0,1
"s__Chloracidobacterium_thermophilum",1.0,1
"s__Thermobispora_bispora",3.0,3
"s__Actinomyces_europaeus",2.0,2
"s__Mycobacterium_xenopi",1.0,1
"s__Nocardia_endophytica",2.0,2
"s__Fodinicola_sp._HKI_0511",2.0,2
"s__Amnibacterium_kyonggiense",1.0,1
"s__Leifsonia_sp._S24526",1.0,1
"s__Pseudarthrobacter_polychromogenes",1.0,1
"s__Nakamurella_flavida",6.0,4
"s__Propionimicrobium_lymphophilum",1.0,1
"s__Pseudonocardia_acaciae",1.0,1
"s__Actinocorallia_glomerata",1.0,1
"s__Bacteroidetes_bacterium_OLB10",4.0,4
"s__Hymenobacter_sp._DK6-66",5.0,3
"s__Chryseobacterium_angstadtii",1.0,1
"s__Mucilaginibacter_boryungensis",1.0,1
"s__Mucilaginibacter_composti",5.0,3
"s__Mucilaginibacter_jinjuensis",4.0,4
"s__Mucilaginibacter_ximonensis",1.0,1
"s__Pedobacter_xinjiangensis",1.0,1
"s__Pedobacter_xixiisoli",1.0,1
"s__Sphingobacterium_kyonggiense",1.0,1
"s__Thermomarinilinea_lacunifontana",1.0,1
"s__bacterium_SOSP1-79",6.0,3
"s__Microaerobacter_geothermalis",1.0,1
"s__Brochothrix_sp._TM16_11",1.0,1
"s__Paenibacillus_larvae",1.0,1
"s__Clostridiales_bacterium_Marseille-P2411",3.0,1
"s__Clostridium_sp._6-31",1.0,1
"s__Dehalobacter_sp._FTH1",1.0,1
"s__Nitrospira_marina",1.0,1
"s__Nitrospira_sp._enrichment_culture_clone_80",1.0,1
"s__planctomycete_str._394",12.0,5
"s__Gemmata_sp._Ca1-2",1.0,1
"s__bacterium_MEBiC08250",1.0,1
"s__Fulvimarina_pelagi",1.0,1
"s__Mesorhizobium_sp._S6-271",1.0,1
"s__Paracoccus_denitrificans",1.0,1
"s__Rhodobacter_sp._Jip03",1.0,1
"s__Reyranella_graminifolii",1.0,1
"s__Azospirillum_sp._LPMM-1",1.0,1
"s__Sphingomonadaceae_bacterium_S36",1.0,1
"s__Novosphingobium_sp._HME8448",1.0,1
"s__Sphingomonas_sp._GOBB3-C201",1.0,1
"s__beta_proteobacterium_A0837",5.0,3
"s__Thiomonas_sp._ML1-62",2.0,2
"s__Chitinimonas_sp._HME7960",7.0,2
"s__Pandoraea_pulmonicola",1.0,1
"s__Paraburkholderia_caledonica",2.0,2
"s__Pelomonas_sp._NR_5-09",1.0,1
"s__Massilia_varians",6.0,5
"s__Prolinoborus_fasciculus",3.0,3
"s__Desulfovibrio_cuneatus",3.0,3
"s__Methylohalomonas_lacus",2.0,2
"s__Shewanella_sp._NH21",1.0,1
"s__Klebsiella_sp._B12",3.0,3
"s__Salmonella_enterica",14.0,4
"s__Brenneria_alni",1.0,1
"s__Dickeya_solani",4.0,3
"s__Candidatus_Rickettsiella_isopodorum",8.0,3
"s__Legionella_jamestowniensis",1.0,1
"s__Methylomarinovum_caldicuralii",1.0,1
"s__Solimonas_terrae",1.0,1
"s__Alcanivoracaceae_bacterium_MOLA_95",1.0,1
"s__Moraxellaceae_bacterium_POES9",2.0,2
"s__Acinetobacter_sp._Hg18B",1.0,1
"s__Pseudomonas_indica",1.0,1
"s__Pseudomonas_sp._ANT7125",1.0,1
"s__Pseudomonas_sp._B3",3.0,3
"s__Pseudomonas_sp._JSG4",2.0,1
"s__Pseudomonas_viridiflava",1.0,1
"s__Beggiatoa_sp._AA5A",6.0,4
"s__Xanthomonas_sp._FeL06",1.0,1
"s__Entomoplasma_somnilux",1.0,1
"s__Verrucomicrobia_bacterium_SCGC_AAA164-N20",3.0,3
"s__Puniceicoccales_bacterium_Verruco_01",1.0,1
"s__Luteolibacter_luojiensis",5.0,3
"s__Leptocylindrus_danicus",1.0,1
"s__Thalassiosira_rotula",3.0,3
"s__Caenorhabditis_elegans",1.0,1
"s__bacterium_22E1_Frozen",2.0,2
"s__bacterium_ASP34",2.0,2
"s__bacterium_YC-ZSS-LKJ79",3.0,3
"s__bacterium_endosymbiont_of_Irenimus_aequalis",11.0,2
"s__bacterium_enrichment_culture_clone_auto19_4W",3.0,2
"s__bacterium_enrichment_culture_clone_auto1_4W",7.0,4
"s__bacterium_enrichment_culture_clone_heteroA22_4W",2.0,2
"s__blood_disease_bacterium_A2_HR-MARDI",4.0,4
"s__endosymbiont_of_Amoebozoa_sp._JAMX8",2.0,2
"s__iron-reducing_bacterium_enrichment_culture_clone_FeC_1_F1",2.0,2
"s__phototrophic_bacterium",2.0,2
"s__simazine-degrading_bacterium_a3",2.0,2
"s__sponge_bacterium_Zo6",2.0,2
"s__Acidobacteria_bacterium_AB60",2.0,2
"s__bacterium_Ellin5121",6.0,5
"s__Terriglobus_saanensis",2.0,2
"s__bacterium_Ellin5273",2.0,2
"s__Corynebacterineae_bacterium_MI-B1A",2.0,2
"s__Mycobacterium_celatum",2.0,2
"s__Geodermatophilus_soli",4.0,4
"s__Kineosporia_babensis",2.0,2
"s__Agromyces_italicus",2.0,2
"s__Microbacterium_sp._LC374",2.0,2
"s__Naasia_aerilata",2.0,2
"s__Rathayibacter_sp._CA2",6.0,2
"s__Hamadaea_tsunoensis",7.0,2
"s__bacterium_Ellin5133",2.0,2
"s__Thermoactinospora_rubra",2.0,2
"s__Bacteroidetes_bacterium_WF73",6.0,4
"s__Bacteroides_caccae",2.0,2
"s__Parabacteroides_goldsteinii",3.0,2
"s__Prevotella_melaninogenica",2.0,2
"s__Chitinophaga_sp._BHS15",2.0,2
"s__Cytophagales_bacterium_MC1A",2.0,2
"s__Nibrella_viscosa",2.0,2
"s__Flavobacteriaceae_bacterium_MAR_2010_10",2.0,2
"s__Bizionia_argentinensis",2.0,2
"s__Cellulophaga_sp._HHN-44",2.0,2
"s__Flavobacterium_sp._C5",3.0,2
"s__Flavobacterium_subsaxonicum",2.0,2
"s__Formosa_sp._Hel3_A1_48",3.0,2
"s__Mucilaginibacter_sp._BJC16-A6",4.0,4
"s__Mucilaginibacter_sp._IMCC12823",2.0,2
"s__Deinococcus_sahariens",2.0,2
"s__Blautia_sp._GD9",9.0,2
"s__Roseburia_faecis",2.0,2
"s__Leptotrichia_buccalis",2.0,2
"s__Bythopirellula_goksoyri",2.0,2
"s__Telmatocola_sphagniphila",2.0,2
"s__proteobacterium_symbiont_of_Osedax_sp._MB3",2.0,2
"s__alpha_proteobacterium_SOGA28",4.0,4
"s__Qingshengfania_soli",2.0,2
"s__Mirovirga_sp._KO_CM19",2.0,2
"s__Phyllobacterium_ifriqiyense",2.0,2
"s__Rhizobium_sp._NCCP-1186",6.0,4
"s__Rhizobium_sp._SC-11",2.0,2
"s__Sinorhizobium_sp._LC541",2.0,2
"s__Rhodobacteraceae_bacterium_HIMB11",2.0,2
"s__Rhodobacteraceae_bacterium_SB2",2.0,2
"s__Rhodobacteraceae_bacterium_r38",2.0,2
"s__Paracoccus_sp._A40(2010)",2.0,2
"s__Planktomarina_temperata",2.0,2
"s__Primorskyibacter_sp._SS7.19",3.0,2
"s__Rhodovulum_sp._SMB1",2.0,2
"s__Sagittula_stellata",2.0,2
"s__Roseomonas_aquatica",2.0,2
"s__Perchlorate-reducing_bacteria_enrichment_culture_clone_yan09",2.0,2
"s__Elstera_litoralis",2.0,2
"s__Rhodocista_sp._SCSIO_13435",2.0,2
"s__beta_proteobacterium_IZ4",2.0,2
"s__humic_substances_enrichment_clone_B32",2.0,2
"s__Burkholderia_multivorans",3.0,2
"s__Burkholderia_sp._BBK_9",4.0,4
"s__Chitinimonas_sp._KJ003",4.0,3
"s__Comamonas_sp._L11",2.0,2
"s__Ramlibacter_sp._SNGM03-03",3.0,3
"s__Herbaspirillum_sp._DN_3",2.0,2
"s__Herbaspirillum_sp._TSA30",3.0,2
"s__Janthinobacterium_sp._HH01",2.0,2
"s__Massilia_timonae",2.0,2
"s__Sutterellaceae_bacterium_Marseille-P2968",3.0,3
"s__Methylophilaceae_bacterium_NB0054_01",13.0,2
"s__bacterium_Ellin307",3.0,2
"s__marine_gamma_proteobacterium_HTCC2148",2.0,2
"s__Enterobacter_sp._6",3.0,3
"s__Salmonella_sp._111",2.0,2
"s__Acinetobacter_sp._129I",2.0,2
"s__Acinetobacter_sp._IrC2",2.0,2
"s__Pseudomonas_sp._G12.1(2011)",2.0,2
"s__Pseudomonas_sp._LS197",2.0,2
"s__Pseudomonas_sp._M4-43",3.0,3
"s__Dyella_terrae",2.0,2
"s__Xanthomonas_sacchari",2.0,2
"s__Verrucomicrobium_sp._IMCC25901",2.0,2
"s__Baetis_sp._AD-2013",2.0,2
"s__Cherax_quadricarinatus",2.0,2
"s__Chlorophyta_symbiont_of_Baikalospongia_sp.",3.0,2
"s__Coccomyxa_viridis",2.0,2
"s__Cymbidium_faberi",2.0,2
"s__Candidatus_Nitrosotalea_devanaterra",2.0,2
"s__Parcubacteria_group_bacterium_GW2011_GWD2_43_10",6.0,3
"s__Parcubacteria_group_bacterium_GW2011_GWF1_40_6",2.0,2
"s__bacterium_14C13",2.0,2
"s__bacterium_enrichment_culture_clone_SBIb49",2.0,2
"s__bacterium_enrichment_culture_clone_heteroC45_4W",2.0,2
"s__candidate_division_TM6_bacterium_GW2011_GWF2_30_66",2.0,2
"s__Acidobacteria_bacterium_YJF2-13",3.0,2
"s__bacterium_Ellin5257",2.0,2
"s__Stenotrophobacter_roseus",2.0,2
"s__bacterium_Ellin347",2.0,2
"s__Catenulispora_graminis",2.0,2
"s__Catenulispora_rubra",2.0,2
"s__Corynebacterium_pseudodiphtheriticum",2.0,2
"s__Geodermatophilus_africanus",2.0,2
"s__Actinoplanes_sp._NEAU-A-2",2.0,2
"s__Nocardioides_nanhaiensis",2.0,2
"s__Amycolatopsis_sp._R189",2.0,2
"s__Prauserella_soli",2.0,2
"s__Pseudonocardia_hispaniensis",2.0,2
"s__Streptomyces_griseorubiginosus",2.0,2
"s__Streptomyces_hainanensis",2.0,2
"s__Streptomyces_sp._NRRL_WC-3742",2.0,2
"s__Planomonospora_sphaerica",2.0,2
"s__Bacteroidetes_bacterium_SCGC_AAA027-G08",2.0,2
"s__Fibrisoma_limi",3.0,2
"s__Candidatus_Azambacteria_bacterium_GW2011_GWF2_42_22",3.0,3
"s__Parcubacteria_bacterium_SG8_24",3.0,3
"s__TM7_bacterium_human_oral_taxon_HOT-869",2.0,2
"s__Candidatus_Clavichlamydia_salmonicola",2.0,2
"s__Neochlamydia_sp._S13",3.0,2
"s__Bacillus_chungangensis",2.0,2
"s__Bacillus_funiculus",2.0,2
"s__Bacillus_simplex",2.0,2
"s__Bacillus_sp._IDA624",5.0,2
"s__Bacillus_sp._RM1A",3.0,2
"s__Bacillus_sp._SIT10",2.0,2
"s__Bacillus_sp._ge12",2.0,2
"s__Paenibacillus_sp._THE22",2.0,2
"s__Lactobacillus_sp._AB032",2.0,2
"s__bacterium_Ellin6062",3.0,3
"s__planctomycete_WWH14",3.0,2
"s__bacterium_Ellin5080",2.0,2
"s__Phenylobacterium_sp._W2.09-62",3.0,2
"s__Nitrobacter_sp._PBAB10",2.0,2
"s__Blastochloris_sulfoviridis",2.0,2
"s__Methylobacterium_aquaticum",2.0,2
"s__Rhizobium_kunmingense",2.0,2
"s__Acetobacteraceae_bacterium_LX45",3.0,3
"s__Rhodovastum_atsumiense",3.0,3
"s__Sphingomonas_sp._QSSC5-6",2.0,2
"s__beta_proteobacterium_WY25",2.0,2
"s__Herbaspirillum_sp._1P10PA",2.0,2
"s__Herbaspirillum_sp._6B",2.0,2
"s__Crenobacter_luteus",3.0,2
"s__Pseudobacteriovorax_antillogorgiicola",2.0,2
"s__Geobacter_sp.",2.0,2
"s__Vulgatibacter_incomptus",2.0,2
"s__bacterium_Ellin5264",2.0,2
"s__gamma_proteobacterium_WY8",2.0,2
"s__Sulfurifustis_variabilis",2.0,2
"s__Ectothiorhodospira_sp._enrichment_culture",2.0,2
"s__Coxiella_endosymbiont_of_Dermacentor_marginatus",2.0,2
"s__Legionella_drancourtii",2.0,2
"s__Tatlockia_micdadei",2.0,2
"s__Candidatus_Xiphinematobacter_sp._Idaho_Grape",2.0,2
"s__Heterophrys_sp._Oxford1",2.0,2
"s__Cercomonas_rotunda",2.0,2
"s__Orciraptor_agilis",2.0,2
"s__Spumella_sp._37G",2.0,2
"s__Colpoda_magna",2.0,2
"s__Myoschiston_duplicatum",2.0,2
"s__Durchoniella_sp._ALS-2010a",2.0,2
"s__Blumeria_graminis",2.0,2
"s__Helotiales_sp._VPRI_42388",2.0,2
"s__Ophioceras_leptosporum",2.0,2
"s__Ascosacculus_heteroguttulatus",2.0,2
"s__Synchytrium_endobioticum",2.0,2
"s__Rhizophydium_sphaerotheca",2.0,2
"s__Acaulospora_spinosa",2.0,2
"s__Ramicandelaber_cf._longisporus_KYK00166",7.0,2
"s__Haplosyllis_spongicola",2.0,2
"s__Eupodes_sp._AP-2010",2.0,2
"s__Alicorhagia_sp._PBK-2008",2.0,2
"s__Aeroppia_sp._AP-2010",2.0,2
"s__Onychiurus_yodai",2.0,2
"s__Tylocephalus_auriculatus",4.0,2
"s__Prodesmodora_sp._1338",2.0,2
"s__Monoposthia_costata",2.0,2
"s__Panagrolaimus_sp._AS01",2.0,2
"s__Ditylenchus_brevicauda",2.0,2
"s__Clarkus_sp._PDL-2005",2.0,2
"s__Tardigrada_environmental_sample",2.0,2
"s__agricultural_soil_bacterium_SC-I-16",2.0,2
"s__bacterium_KR_2001/13_211",2.0,2
"s__bacterium_NLAE-zl-G77",2.0,2
"s__bacterium_enrichment_culture_clone_B204(2011)",2.0,2
"s__bacterium_enrichment_culture_clone_auto8_4W",3.0,3
"s__bacterium_enrichment_culture_clone_heteroA6_4W",2.0,2
"s__swine_effluent_bacterium_CHNDP41",2.0,2
"s__Bifidobacterium_bifidum",2.0,2
"s__Mycobacterium_sp._M_101",2.0,2
"s__Rhodococcus_jostii",2.0,2
"s__Cryptosporangium_cibodasense",2.0,2
"s__Cryptosporangium_minutisporangium",2.0,2
"s__Arsenicicoccus_dermatophilus",3.0,3
"s__Agromyces_flavus",2.0,2
"s__Microbacterium_sp._HW23",2.0,2
"s__Arthrobacter_pascens",2.0,2
"s__Pseudonocardia_carboxydivorans",2.0,2
"s__Pseudonocardia_sp._ARG1",2.0,2
"s__Thermocrispum_agreste",2.0,2
"s__Streptomyces_sp._SCY120",2.0,2
"s__Actinomadura_sp._CPCC202697",3.0,2
"s__Atopobium_minutum",2.0,2
"s__Enterorhabdus_caecimuris",2.0,2
"s__Niabella_aurantiaca",2.0,2
"s__Hymenobacter_sp._14-57-B6",2.0,2
"s__Chryseobacterium_ureilyticum",2.0,2
"s__Flavobacterium_fontis",2.0,2
"s__Flavobacterium_sp._SH55",3.0,3
"s__Sphingobacteriaceae_bacterium_HP3Y",3.0,2
"s__Mucilaginibacter_herbaticus",2.0,2
"s__Mucilaginibacter_mallensis",3.0,3
"s__Parachlamydia_sp._C2",2.0,2
"s__Stigonema_ocellatum",2.0,2
"s__Gorillibacterium_sp._SN4",2.0,2
"s__Paenibacillus_sp._JSC-N3-513-1",2.0,2
"s__Selenomonas_sputigena",2.0,2
"s__Planctomycetes_bacterium_MBLW2",3.0,3
"s__Planctomyces_sp._SH-PL62",2.0,2
"s__bacterium_Ellin340",2.0,2
"s__Rhodopseudomonas_sp._CS30",4.0,3
"s__Methylopila_sp._M107",2.0,2
"s__Candidatus_Liberibacter_europaeus",2.0,2
"s__Rhizobium_sp._ZMM-3",2.0,2
"s__Ancylobacter_sp._CRRI-104_SA2",3.0,2
"s__Hyphomonas_jannaschiana",2.0,2
"s__Amaricoccus_tamworthensis",2.0,2
"s__Acidicaldus_sp._T163",2.0,2
"s__Candidatus_Arcanobacter_lacustris",4.0,3
"s__Novosphingobium_oryzae",2.0,2
"s__beta_proteobacterium_RBE1CD-22",2.0,2
"s__Thiobacter_subterraneus",2.0,2
"s__Acidovorax_sp._IMCC12689",2.0,2
"s__Caenimonas_koreensis",2.0,2
"s__Comamonas_sp._IMCC16029",2.0,2
"s__Massilia_brevitalea",2.0,2
"s__Massilia_sp._Root133",2.0,2
"s__Noviherbaspirillum_sp._U15",2.0,2
"s__Parasutterella_secunda",2.0,2
"s__Olavius_ilvae_associated_proteobacterium_Delta_8",2.0,2
"s__myxobacterium_AT1-01",2.0,2
"s__Cellvibrio_sp._R-4001",2.0,2
"s__Enterobacteriaceae_bacterium_symbiont_of_Plautia_splendens",2.0,2
"s__Coxiellaceae_bacterium_HT99",3.0,3
"s__Frateuria_aurantia",2.0,2
"s__Luteimonas_sp._ICM_3-2",2.0,2
"s__Lysobacter_sp._RM:20",2.0,2
"s__Diplosphaera_colitermitum",2.0,2
"s__Reticulomyxa_filosa",2.0,2
"s__Paralia_sulcata",3.0,3
"s__Asterionella_formosa",2.0,2
"s__Dermanyssus_gallinae",3.0,3
"s__bacterium_CC-YY411",1.0,1
"s__bacterium_SH4-10",1.0,1
"s__bacterium_enrichment_culture_clone_Anammox_8",1.0,1
"s__Acidobacteria_bacterium_LWH4",2.0,2
"s__Rhodococcus_koreensis",2.0,2
"s__Geodermatophilus_taihuensis",1.0,1
"s__Kineococcus_sp._CNU140",1.0,1
"s__Kineosporia_rhamnosa",1.0,1
"s__Leucobacter_komagatae",1.0,1
"s__Pseudoclavibacter_chungangensis",1.0,1
"s__Arthrobacter_sp._AK20-18",1.0,1
"s__Nocardioides_alkalitolerans",2.0,2
"s__Nocardioides_exalbidus",1.0,1
"s__Chitinophaga_sp._MHS12",1.0,1
"s__Flavihumibacter_sp._7B-231",1.0,1
"s__Leadbetterella_sp._JN14-9",1.0,1
"s__Chryseobacterium_koreense",1.0,1
"s__Chryseobacterium_shigense",1.0,1
"s__Chryseobacterium_taichungense",1.0,1
"s__Flavobacterium_sp._FLMR_001/09",1.0,1
"s__Flavobacterium_sp._SIF5",1.0,1
"s__Flavobacterium_sp._Salman1",1.0,1
"s__Flavobacterium_sp._enrichment_culture_clone_SA_NR2_1",1.0,1
"s__Siansivirga_jejuensis",1.0,1
"s__Mucilaginibacter_aquaedulcis",1.0,1
"s__Pedobacter_jejuensis",2.0,1
"s__Pedobacter_kyungheensis",1.0,1
"s__Pedobacter_sp._Iso-18",1.0,1
"s__Pedobacter_sp._JC2491",1.0,1
"s__Sphingobacterium_composti_Ten_et_al._2007",1.0,1
"s__Sphingobacterium_sp._TM14_4",1.0,1
"s__Sphingobacterium_spiritivorum",1.0,1
"s__Dendrosporobacter_quercicolus",2.0,1
"s__Methyloligella_halotolerans",1.0,1
"s__Bradyrhizobium_sp._ML527",1.0,1
"s__Brucella_sp._HJ114",1.0,1
"s__Liberibacter_crescens",1.0,1
"s__Parvibaculum_lavamentivorans",2.0,1
"s__Ahrensia_sp._R2A130",1.0,1
"s__Labrenzia_sp._CE80",2.0,2
"s__Rhodobacter_sp._CCBAU_10883",1.0,1
"s__Azospirillum_brasilense",1.0,1
"s__Azospirillum_sp._enrichment_culture_clone_yan50",1.0,1
"s__Novosphingobium_resinovorum",2.0,2
"s__Sphingobium_sp._JW16.2a",1.0,1
"s__Sphingobium_sp._TP340-2",2.0,2
"s__Sphingomonas_sp._CCH21-G11",1.0,1
"s__beta_proteobacterium_SCGC_AAA027-I06",3.0,2
"s__Burkholderiales_bacterium_Da-11",1.0,1
"s__Aquabacterium_sp._DQS-11",1.0,1
"s__Mitsuaria_sp._CR_6-14",1.0,1
"s__Burkholderia_sp._WSM4176",1.0,1
"s__Burkholderia_sp._YP-XY11-3",1.0,1
"s__Ralstonia_sp._JOS55-1",1.0,1
"s__Ottowia_sp._canine_oral_taxon_014",1.0,1
"s__Sutterella_wadsworthensis",1.0,1
"s__Zoogloea_sp._TA_X",1.0,1
"s__Bdellovibrio_sp._SD1",1.0,1
"s__gamma_proteobacterium_APT1",1.0,1
"s__Aeromonas_sp._2e",1.0,1
"s__Oceanimonas_sp._SDT4S12",1.0,1
"s__Tolumonas_auensis",1.0,1
"s__Ishikawaella_symbiont_of_Brachyplatys_vahlii",1.0,1
"s__Legionella_feeleii",1.0,1
"s__Moraxellaceae_bacterium_W2.09-231",1.0,1
"s__Fluviicoccus_keumensis",1.0,1
"s__Pseudomonas_sp._JDM235",1.0,1
"s__Pseudomonas_sp._P56(2011)",1.0,1
"s__Sulfurivirga_caldicuralii",1.0,1
"s__Aquimonas_sp._enrichment_culture_clone_03SUJ1",1.0,1
"s__Xylella_fastidiosa",1.0,1
"s__Chironomus_riparius",1.0,1
"s__Galloisiana_yuasai",1.0,1
"s__bacterium_ASP40",1.0,1
"s__bacterium_enrichment_culture_clone_HS_4",1.0,1
"s__Acidobacterium_sp._MS-P6",1.0,1
"s__Mycobacterium_lepromatosis",1.0,1
"s__Pseudokineococcus_sp._SCSIO_13315",1.0,1
"s__Arsenicicoccus_sp._TMS1-21-2",1.0,1
"s__Agromyces_atrinae",2.0,1
"s__Catenuloplanes_sp._SS-3",1.0,1
"s__Amycolatopsis_sulphurea",1.0,1
"s__Pseudonocardia_sp._CC981103-01",1.0,1
"s__Tamaricihabitans_halophyticus",1.0,1
"s__Streptomyces_emeiensis",1.0,1
"s__Chitinophaga_pinensis",1.0,1
"s__Hymenobacter_metalli",1.0,1
"s__Chryseobacterium_daeguense",2.0,1
"s__Flavobacterium_sp._WW92",1.0,1
"s__Sphingobacteriaceae_bacterium_KVD-1969-11",1.0,1
"s__low_G+C_Gram-positive_bacterium_TR1",1.0,1
"s__Paenibacillus_sp._I-9",1.0,1
"s__Anaerotaenia_torta",1.0,1
"s__Nitrospira_sp.",1.0,1
"s__Singulisphaera_sp._SD1-4",4.0,1
"s__Alphaproteobacteria_bacterium_CS4",1.0,1
"s__Phenylobacterium_sp._HKS-05",2.0,1
"s__Rhizobiales_bacterium_8433D",1.0,1
"s__Rhizobiales_bacterium_JGI_001012-O08",1.0,1
"s__Rhodobacter_sphaeroides",1.0,1
"s__Acidocella_sp.",1.0,1
"s__Azospirillum_sp._T2-YC6788",1.0,1
"s__Rhodocista_sp._MIMtkB3",1.0,1
"s__Candidatus_Paracaedibacter_symbiosus",1.0,1
"s__Sphingomonadaceae_bacterium_L13",1.0,1
"s__Sphingobium_sp._AM",1.0,1
"s__Sphingomonas_leidyi",1.0,1
"s__Sphingomonas_sp._562",1.0,1
"s__Sphingomonas_sp._HKS-06",1.0,1
"s__Sphingomonas_sp._MG-2011-150-FG",1.0,1
"s__Thiomonas_sp._FB-6",1.0,1
"s__Burkholderia_sp._ENV.IITG",1.0,1
"s__Acidovorax_sp._AHL_5",1.0,1
"s__Comamonas_sp._IMCC16031",1.0,1
"s__Limnohabitans_sp._Hippo4",1.0,1
"s__Nitrosomonas_sp._JL21",1.0,1
"s__Stigmatella_aurantiaca",1.0,1
"s__Nitrosococcus_oceani",1.0,1
"s__Proteus_mirabilis",1.0,1
"s__Legionella_massiliensis",1.0,1
"s__Haemophilus_influenzae",1.0,1
"s__Pseudomonas_sp._AECF-20",1.0,1
"s__Navicula_sp._C21",1.0,1
"s__agricultural_soil_bacterium_SC-I-28",1.0,1
"s__bacterium_YC-ZSS-LKJ115",4.0,1
"s__bacterium_enrichment_culture_clone_A1",1.0,1
"s__bacterium_enrichment_culture_clone_Anammox_11",2.0,1
"s__bacterium_enrichment_culture_clone_Anammox_2",1.0,1
"s__bacterium_enrichment_culture_clone_Anammox_20",1.0,1
"s__iron-reducing_bacterium_enrichment_culture_clone_HN17",1.0,1
"s__uncultivated_soil_bacterium_clone_S023",2.0,1
"s__uncultivated_soil_bacterium_clone_S111",5.0,1
"s__Acidobacteria_bacterium_LX128",1.0,1
"s__actinobacterium_HR3",1.0,1
"s__Cellulomonas_sp._Asd_M7A1",1.0,1
"s__Cellulomonas_sp._SN7",2.0,1
"s__Aquipuribacter_hungaricus",1.0,1
"s__Cellulosimicrobium_sp._137-9",1.0,1
"s__Nocardioides_sp._JS614",1.0,1
"s__Nocardioides_sp._Ms7",2.0,1
"s__Rhodothermaceae_bacterium_RA",1.0,1
"s__Prevotella_enoeca",1.0,1
"s__Flaviaesturariibacter_amylovorans",1.0,1
"s__Terrimonas_sp._WWH135",1.0,1
"s__Arcicella_aquatica",1.0,1
"s__Cesiribacter_andamanensis",1.0,1
"s__Candidatus_Sulcia_muelleri",5.0,1
"s__Pedobacter_oryzae",1.0,1
"s__Candidatus_Levybacteria_bacterium_GW2011_GWB1_39_7",1.0,1
"s__Candidatus_Nomurabacteria_bacterium_GW2011_GWE1_32_28",2.0,1
"s__Parcubacteria_bacterium_OLB19",1.0,1
"s__Candidatus_Entotheonella_sp._TSY1",1.0,1
"s__Ardenticatena_maritima",1.0,1
"s__Anabaena_torulosa",1.0,1
"s__Calothrix_sp._CYN100",1.0,1
"s__Scytonema_tolypothrichoides",1.0,1
"s__Geitlerinema_sp._Sai004",6.0,1
"s__Leptolyngbya_frigida",1.0,1
"s__Leptolyngbya_sp._CR_17M",1.0,1
"s__Pseudanabaena_sp._1a-03",1.0,1
"s__Pseudanabaena_sp._CAWBG531",1.0,1
"s__Synechococcus_sp._SAG_2387",1.0,1
"s__Gloeobacter_kilaueensis",1.0,1
"s__Gemmatimonas_phototrophica",1.0,1
"s__alpha_proteobacterium_AAP81b",1.0,1
"s__alpha_proteobacterium_Shinshu-th1",1.0,1
"s__Bauldia_consociata",1.0,1
"s__Methylobrevis_pamukkalensis",1.0,1
"s__Bradyrhizobium_sp._ARR65",1.0,1
"s__Salinarimonas_sp._BN140002",1.0,1
"s__Methylosinus_trichosporium",2.0,1
"s__Candidatus_Liberibacter_asiaticus",2.0,1
"s__Euryhalocaulis_caribicus",1.0,1
"s__Rhodobaca_sp._LW2",1.0,1
"s__Rubellimicrobium_roseum",1.0,1
"s__Tabrizicola_sp._CC-LGY2",1.0,1
"s__Sediminicoccus_rosea",2.0,1
"s__Caenispirillum_salinarum",1.0,1
"s__Inquilinus_limosus",1.0,1
"s__endosymbiont_of_Acanthamoeba_sp._UWC8",1.0,1
"s__Polymorphobacter_multimanifer",1.0,1
"s__beta_proteobacterium_EM1",1.0,1
"s__Massilia_sp._Zs55",1.0,1
"s__Methylotenera_sp._SMs12",1.0,1
"s__Leeia_oryzae",1.0,1
"s__Chitinolyticbacter_meiyuanensis",2.0,1
"s__Sandaracinus_amylolyticus",1.0,1
"s__Solemya_occidentalis_gill_symbiont",1.0,1
"s__Thiohalomonas_denitrificans",1.0,1
"s__Coxiellaceae_bacterium_CC99",1.0,1
"s__soil_amoeba_AND16",1.0,1
"s__Saccamoeba_limax",2.0,1
"s__Miamiensis_avidus",1.0,1
"s__Trithigmostoma_steini",1.0,1
"s__Pseudogymnoascus_destructans",1.0,1
"s__Sphaerodes_sp._SMCD2220",1.0,1
"s__Mortierella_verticillata",1.0,1
"s__Conidiobolus_firmipilleus",1.0,1
"s__Adamystidae_sp._ARP-2015",1.0,1
"s__Schizomidae_environmental_sample",1.0,1
"s__Gluvia_dorsalis",1.0,1
"s__Coptodactyla_glabricollis",1.0,1
"s__Bebaiotes_sp._JMU-2006",1.0,1
"s__Mnemosyne_sp._PCC-2008",1.0,1
"s__Prokelisia_marginata",9.0,1
"s__Fulgoridae_sp._HP26",2.0,1
"s__Spilophorella_paradoxa",1.0,1
"s__Prismatolaimus_intermedius",2.0,1
"s__Chloromonas_radiata",1.0,1
"s__Neocystis_brevis",2.0,1
